,Title,Date,count
0,현제 최저임금을 안지키는 업주가있네요,18.11.16,2명
1,백종원의 골목식당 폐지를 원합니다,18.11.16,10명
2,밥 ㅊㅊ좀,18.11.16,1명
3,경비원 기사 보시구 법이 좀 바뀌었으면 합니다,18.11.16,8명
4,취업이 너무 힘듭니다.,18.11.16,9명
5,카풀 반대합니다,18.11.16,11명
6,대통령님 최저시급 다시 내려주세요...ㅠㅠㅠㅠ,18.11.16,17명
7,광주형 일자리 .연봉 4000만원에서 만족 할까요?,18.11.16,3명
8,문가는 남에자리에서 내려오라,18.11.16,7명
9,힘들어 못살겠다,18.11.16,3명
10,죽어가는 중소기어,18.11.16,5명
11,"교육청과 식약처는 학교급식 식자재 행정지도,관리 똑바로 하십시오. 중소기업일자리, 소득 팍팍 줄어듭니다.",18.11.16,4명
12,공공기관 취업 시 경단녀 가산점 조정 또는 폐지하거나 경단남자에게도 적용 바랍니다.,18.11.16,3명
13,척페청산 공정한 사회 일자리 창출을 외치던 촛불정부에서 이런일이 벌어졌어야 되겠습니까,18.11.16,3명
14,"권성동, 염동렬, 전 강원랜드 사장에게 '구두로' 채용청탁을 하다!",18.11.16,7명
15,일자리 창출도 중용하지만 아웃소싱 회사의 갑질부터 고쳐주세요.,18.11.16,3명
16,일하고싶네요.,18.11.16,4명
17,사회적 약자를 향한 갑질 좀 멈추게 해주세요.,18.11.16,2명
18,비정규직 폐지 좀해주세요,18.11.16,5명
19,지방인재 가산점제도 폐지해주세요,18.11.16,5명
20,LG전자서비스 노조,18.11.16,9명
21,■ 국민은행 임원 정규직 친인척 채용비리  계열사 하청기업에 임원정규직 청년일자리 약탈이 조선을 망하게한 매관매직보다 심하다 전수조사후 임원정규직 파면하라 은행회장이 손녀채용의 모범을 보이니 임원 정규직 모두 계열사 하청기업 친인척채용비리가 무차별적 으로 자행되었다 일자리 약탈이란 죄의식도없다 더큰 문제는 이들이 원청기업 국민은행 임원정규직 힘을과시하며 직장내 갑질을 자행하고있다는점이다 하청기업 인력구조조정시 제일먼저 나가야마땅할 비리채용직원들이 힘없는 다른직원들을 몰아내는 사악한 갑질을 서슴치않고 이를위해 급조날조한 꼼수제도까지 만들어내다는것이다 대한민국 전공기업대기업에 만연한 이런행위들을 없애기위해 국민은행 비리 임원정규직들을 이번에 반드시 파면하여 한국전체에 본보기를 보여라 조선을 망하게한 매관매직 세습이 현대에 그망령이 되살아나고있다 끔찍한일이다,18.11.16,2명
22,노인일자리 올해보다 2배로 늘려야 어려운어르신분 모두 노인일자리 할 수 있어요,18.11.16,3명
23,내년에 노인일자리 조금 늘어나서 올해 노인일자리 하신분은 못할거라고 어떻게 사느냐고 걱정이세요,18.11.16,2명
24,놀고 먹는 공무원 그만좀 뽑아요,18.11.16,21명
25,생계형 약초꾼를 보호해 주세요,18.11.16,7명
26,삼성에 대한 수사를 빨리 마무리해 주세요!,18.11.16,8명
27,실업률 줄이는 방법,18.11.16,2명
28,"현대차에 일자리 강요하기전에 귀족노조(민노총, 한노총)부터 싹 없애주시지요~~",18.11.16,17명
29,택시 회사 등록제 / 1인 택시 회사 허용(개인사업자 - 개인택시와 동일),18.11.16,2명
30,방과 후 어린이 돌봄과 교육.가칭(행복한 나라),18.11.16,1명
31,"2019년 최저임금(8,350원/시) 적용을 차등 적용하거나 적용시점 지연을 부탁합니다",18.11.16,3명
32,우아한 신선들의 갑질횡포를 고발합니다.,18.11.16,37명
33,건설근로자 에게도 힘을~~~~~~~,18.11.16,8명
34,한국항공우주 사장 해임 요청,18.11.16,374명
35,토익 응시료 낮춰주세요!,18.11.16,1명
36,고등학생도  공무원 준비 하는 사회....개혁 필요 합니다.,18.11.16,5명
37,간호사협회비에대한 철저한 감사와 공개가 필요합니다,18.11.16,148명
38,일자리 좀 늘려 주세요,18.11.16,1명
39,서민은 힘들다...물가올라가고 세금올라가고...최저임금좀 그만 올려라...국민들 피 그만 빨아먹어라,18.11.16,15명
40,이게 나라입니까,18.11.16,25명
41,민주노총의 총파업으로 인하여 일어나는 손실액,18.11.16,13명
42,공기업의 공적 기능을 강화 해 주세요.,18.11.16,0명
43,무자격 작가의 작품 활동에 대한 과감한 고발과 바람,18.11.16,0명
44,일좀 하세요,18.11.16,4명
45,장애인들의 잘 살수있는 권리들을 만들어주세요,18.11.16,6명
46,청소년 노동 관련 부당대우 문제 해결을 위해 노동법 위반시 처벌을 강화해주세요,18.11.16,0명
47,엘지전자서비스노조,18.11.16,20명
48,엘지전자서비스 노조,18.11.16,19명
49,외국인 노동자들에게도 관심을 가져주세요,18.11.16,6명
50,중소기업에 일하는 직원들이 죽어납니다...,18.11.16,11명
51,국개의원의 사장은 누구인가?,18.11.15,4명
52,일자리 창출을 위한 신생기업을 육성해 주세요,18.11.15,3명
53,불법 체류자 35만명 빨리 추방하라.1년새 10만명 증가햇다.,18.11.15,13명
54,직업상담사의 현실,18.11.15,72명
55,학원이 필요없는 대한민국은 안되는건가요?,18.11.15,6명
56,택배기사님들에 노동환경을 개선해주세요,18.11.15,7명
57,일자리,18.11.15,1명
58,기어자동차 하청 업체를 비정규직 대우,18.11.15,4명
59,비정규직의 일괄적정규직화의  반대,18.11.15,3명
60,한국지엠 군산공장 매각추진,18.11.15,1명
61,현대자동차를 살리고 싶어요,18.11.15,8명
62,문제인 정권은 제발 북한 보다 대한민국을 걱정해라 서민경제가 최우선이다,18.11.15,18명
63,공공기관과 공기업 채용비리 - 보은•낙하산 인사,18.11.15,9명
64,장애인 활동보조인을 사회복지사나 요양보호사 등의 직업으로 편입시켜주세요,18.11.15,4명
65,카카오택시를(공유택시) 빠른시일내에  활성화 시켜주세요.,18.11.15,1명
66,■ 국민은행 임원 정규직 친인척 채용비리 계열사 하청기업에 임원정규직 청년일자리 약탈이 조선을 망하게한 매관매직보다 심하다 전수조사후 임원정규직 파면하라 은행회장이 손녀채용의 모범을 보이니 임원 정규직 모두 계열사 하청기업 친인척채용비리가 무차별적 으로 자행되었다 일자리 약탈이란 죄의식도없다 더큰 문제는 이들이 원청기업 국민은행 임원정규직 힘을과시하며 직장내 갑질을 자행하고있다는점이다 하청기업 인력구조조정시 제일먼저 나가야마땅할 비리채용직원들이 힘없는 다른직원들을 몰아내는 사악한 갑질을 서슴치않고 이를위해 급조날조한 꼼수제도까지 만들어내다는것이다 대한민국 전공기업대기업에 만연한 이런행위들을 없애기위해 국민은행 비리 임원정규직들을 이번에 반드시 파면하여 한국전체에 본보기를 보여라 조선을 망하게한 매관매직 세습이 현대에 그망령이 되살아나고있다 끔찍한일이다,18.11.15,7명
67,간호사들의 정상적인 듀티(근무표)를 보장해주세요,18.11.15,19명
68,기업이  있어야  일자리도  있는겁니다,18.11.15,14명
69,저는 법을 어겼습니다.,18.11.15,4명
70,52시간제 정말 문제입니다..,18.11.15,9명
71,소득주도성장이라는 거짓말 그만 했으면 좋겠어요,18.11.15,10명
72,사업자를 위한 법인가??노동자를 위한 법인가??,18.11.15,6명
73,국책 공공기관 취준생절망 고용세습 유야무야 안된다.,18.11.15,3명
74,GTA온라인  중국인 접속 못하게 해주세요,18.11.15,3명
75,일자리 증대 및 자영업자 지원 정책의 방향,18.11.15,2명
76,존경하는 대통령님 중소기업 고발합니다.  법좀 만들어주세요,18.11.15,6명
77,체당금 상한선이 왜 나이제한인가요?,18.11.15,1명
78,경찰의 여경할당을 늘리고 여경 상시근무제를 시행해야합니다!,18.11.15,4명
79,일자리,18.11.15,2명
80,모든 기업이 자소서 형식을 하나로 통일하게 해 주세요! 자소서 쓰다가 머리에 쥐 날 거 같습니다.,18.11.15,4명
81,일은 안하고 돈만 탐내는 쓰레기집단 귀족노조를 없애주세요~~,18.11.15,25명
82,IT개발자도 52시간 근로시간 준수 필요,18.11.15,7명
83,국토교통부와 산업인력공단은 29회 공인중개사 응시자에게 사과하라,18.11.15,40명
84,추운 겨울이 오고 있다. 사회주의 정권에서 한번도 경제는 부흥한 적이 없다.,18.11.15,8명
85,공정경제? 국민들이 취업되고 잘사는 게 공정경제다.,18.11.15,5명
86,꼭 읽어봐주세요~~(경주시 **산업),18.11.15,6명
87,알고 있지? 경제 망하면 정권 교체 된다는 거.,18.11.15,15명
88,엘지전자서비스 불법도급.제가 전에올려3000명넘게 동의해주신내용 다시한번 올립니다,18.11.15,67명
89,공인중개사 시험개선촉구,18.11.15,26명
90,대기업이 일할수 있는 환경을 만들어주세요,18.11.15,8명
91,경찰채용비리 검찰이 나서서 수사하도록 해주세요,18.11.15,193명
92,탄력근로제 무조건 반대!!!!!,18.11.15,8명
93,산재,18.11.15,3명
94,●청년일자리약탈범 국민은행회장 집행유예 풀어주면 이나라법은 유전무죄법 걸레법 빤스고무줄법 이다 그런 빤스 고무줄법을 국민들이 지키고 싶겠는가 관련판검사의 업적을 길이 보존하기위해 온국민에  알려야한다 일자리정부는 사기가짜라는 증명이된다 현정부의 도덕성에 치유불가 치명타를 입히고 사기촛불을 뛰어넘는 진짜거대 촛불을 보게될것이다,18.11.15,2명
95,운동선수출신들이 (여)경찰을 희망합니다.,18.11.15,5명
96,LG전자서비스기사입니다.  LG서비스에 대한 특별근로감독을 실시해 주세요!,18.11.15,109명
97,제발 이런데 돈 갖다 버리지 맙시다.,18.11.15,3명
98,제발 국민들 돈으로 일자리 창출 높이려고 쓸데없이 낭비 마시기 바랍니다.,18.11.15,14명
99,산불감시원 불공정 채용심사,18.11.14,3명
100,화물트럭 운전하시는 사장님들의 고충을 들어주세요,18.11.14,15명
101,국가 권력을 농단하는 독과점 대기업들 엄단하라!,18.11.14,1명
102,재건축 시공  건설업체들의 국가농단 엄단하라!,18.11.14,2명
103,취업 난 한국산업인력공단 감독관 갑질,18.11.14,5명
104,서민들 일자리 좀 주세요 서민들 다 굵어 죽어요 어떻게 전 정부 보다 실업률이 높아요 서민들 다 죽겠네요,18.11.14,7명
105,일자리 늘리기,18.11.14,3명
106,사업자 등록증과 의료 보험료를 별개로 해주세요,18.11.14,4명
107,실업급여 과다 지급으로 고용 불안 야기,18.11.14,2명
108,경찰수험시장의 교육기업내 직원들의 댓글조작이 심각합니다,18.11.14,2명
109,베이비 붐 퇴직 세대 일자리 지원,18.11.14,4명
110,주52시간제도 누구를 위한겁니까?,18.11.14,11명
111,청년내일채움공제 ..봐주세요,18.11.14,0명
112,공인중개사시험상대평가하여 1년에 5천명이하로 뽑아주세요,18.11.14,15명
113,강사법에 대학평가 가산점을 부여하고 사립대에도 지원을 바랍니다.,18.11.14,4명
114,"육안 확인이 명백한 하자 차량을 출고, 판매하는 쌍용차(노조)를 고발한다.",18.11.14,4명
115,건설 공제조합에낸 공제금을 받도록 해주세요,18.11.14,2명
116,시급이 오른데신  일자리는 줄어들었습니다. 조치좀 해주세요 /,18.11.14,10명
117,공공기간 계약직에서 정규직전환으로 인한 장년층 근로년한 축소 보완요구,18.11.14,2명
118,"일자리, 출산율 증가 아이디어 제안합니다.",18.11.14,0명
119,상지영서대학교 비정년트랙 전임교원에 대한 부당해고 건,18.11.14,6명
120,광주형 일자리 추진하는 이용섭 시장 탄핵,18.11.14,5명
121,잩이 살자고 하는 정책인가요?,18.11.14,7명
122,귤2만박스,18.11.14,17명
123,일자리 제공 사기,18.11.14,14명
124,두줄서기 도우미,18.11.14,1명
125,"문정부가 대통령된후 공인중개사, 주택관리사 난이도",18.11.14,14명
126,청년적금? 때문에 회사 다니기가...,18.11.14,1명
127,임용절벽 해결책   교사 정년 단축에 있습니다.,18.11.14,4명
128,문재인=4대강 22조이면 일자리100만개 만들수 있어,18.11.14,20명
129,"청소년,여성들에게 담배판매 금지시키고 전자담배도 판매금지 시켜주세요.",18.11.14,4명
130,심각한 경제상황 이런식이면 국가부도가 멀지 않았다.,18.11.14,9명
131,실업해소 방안,18.11.14,0명
132,힘든 서민살이에  관심없는  정부와  청와대,18.11.14,12명
133,힘든 서민살이에  관심없는  정부와  청와대,18.11.14,4명
134,사회복지사나 요양보호사 자격증을 무료로 취득시키게 해주세요,18.11.14,4명
135,광주형 싸구려 일자리창출 아무런 효력도 없습니다.,18.11.14,2명
136,청년 실업률이 너무 심합니다,18.11.14,18명
137,야간증권거래소를개장해주세요,18.11.14,0명
138,15시간 작업에 2시간 수면 전 노예인가요?,18.11.14,9명
139,현대 임금만 줄이지 말고 의사들도 oecd 평균에 맞게 현재 보다 1/3 로 줄여주세요~,18.11.14,9명
140,땀을 흘리고 일을 많이 하는 사람이 돈을 많이 버는 시스템을 원합니다,18.11.14,7명
141,비정규직 문제는 언제 해결 하실건가요? 망설이는 사이 한 가정의 가장이 실업자가 되었습니다.,18.11.14,5명
142,김연명수석은 바보인가 선동가인가?,18.11.13,1명
143,취업하기 너무 어려워요,18.11.13,7명
144,민주노총과  공무원 노조를  제거해주세요,18.11.13,15명
145,수급자들도 일을 하게 해야 합니다,18.11.13,5명
146,광주형 일자리,18.11.13,1명
147,최저시급 도대체 얼마나 더 올리려고 그러십니까..,18.11.13,10명
148,두달째 받지 못하는 월급,18.11.13,9명
149,유은혜 장관님 유치원 폐원한다는데.....,18.11.13,37명
150,우리나라 세금으로 운영되는 공단은 세금을 제대로 써야 한다.,18.11.13,6명
151,실업률 낮추는 비법,18.11.13,1명
152,국회의원 월급 일한만큼 주세요,18.11.13,19명
153,임금체불 공소시효,18.11.13,4명
154,청년실업률 증가,18.11.13,2명
155,대통령님.. 주 52 근무제 철회해주세요..,18.11.13,10명
156,적폐청산 한다더니..'문팬' 카페지기가 유통 전문가? '연봉 1700만원' 코레일유통 이사 선임?,18.11.13,16명
157,퇴사 후 건강보험자격 상실처리에 대한 문제,18.11.13,5명
158,LG전자 서비스 불법 도급을 조사해주세요!!!!!,18.11.13,"1,122명"
159,계약직을 양산하는 아웃소싱 업체를 없애주세요,18.11.13,10명
160,청년들에게 광주형일자리를 만들어주세요.,18.11.13,5명
161,채용비리 근절 제안,18.11.13,4명
162,최저임금 산입법 전면 재검토 하라 (무조건적 밀어 붖치기식은 무효다),18.11.13,2명
163,현대백화점 통합교환센터 직원들 입금체불,18.11.13,21명
164,비효율 단기 일자리 정책 소상공인에게 지원해주세요,18.11.13,0명
165,카카오카풀의 목적이 무엇인가.엄격한 조사가필요하다.,18.11.13,8명
166,최저임금위원회를 해체하고 국회에서 최저임금 다시 정해서 나라 살려라. 국회 일좀하자,18.11.13,3명
167,삼림 가득한 갈비제거사업에 대한 제안,18.11.13,1명
168,"최저시급인상,52시간 정책은 경제를 망하게 한 정책이다. 망한걸인정하고 개선방안를 내놓던지.  인정못할꺼면 물러나라",18.11.13,10명
169,외국인 f4비자 취업제한해주세요노동부일자리소개개탄,18.11.13,7명
170,건설노동자 출근 현장 막지 말아주세요(일당받아야 살수있어요),18.11.13,4명
171,모든 공무원 시험의 한국사 과목은   한국사 능력검정시험으로 통일해야 합니다.,18.11.13,3명
172,외국처럼 교사들 방학때 임금 삭감해야,18.11.13,12명
173,한국의 의사 수가 OECD 꼴지입니다.,18.11.13,7명
174,"영양사vs영양교사, 상담사vs상담교사, 간호사vs간호교사",18.11.13,12명
175,예비교사 임용절벽 해소 교원 정년단축,18.11.13,4명
176,교사가  아직도 박봉입니까?,18.11.13,8명
177,임용절벽 해결책   교사 정년 단축에 있습니다.,18.11.13,5명
178,핸즈코퍼레이션 노동자의 대량해고를 부르는 해외투자 막아주세요.,18.11.13,305명
179,청년내일채움공제 통장을 사회초년생뿐만아니라 계약직으로 일했던사람이나 받지못했던 사람들도 되게끔해주세요,18.11.13,1명
180,심각한 내수 경제 일자리 문제와 최저임금,18.11.13,7명
181,여성부에 남자 직원 반이상 체워주세요,18.11.13,3명
182,카풀하는 사람들은 서비스가 다를꺼같나?,18.11.13,7명
183,"무너저 가는 토목,건설 업종",18.11.13,7명
184,LG전자 불법하도급 조사를 당장 시작해 주세요. A/S기사들 죽어갑니다.,18.11.13,142명
185,"유치원,어린이집미술교사",18.11.13,3명
186,불체자고용업체에1인당1천만과징금을. .단속권은경찰에게도!,18.11.13,4명
187,자가용 카풀 반대 서명,18.11.13,18명
188,일용직 건설근로자공제회 퇴직금,18.11.13,4명
189,불법체류자 추방해 주세요,18.11.13,17명
190,고용 허가제에 대해,18.11.13,0명
191,한부모자녀의 고충,18.11.13,10명
192,토요일유급제,18.11.13,1명
193,"[최종본]""기회는 평등할 것입니다."" 라고 하신말씀 지금 현재는...???",18.11.13,5명
194,"""기회는 평등할 것입니다."" 라고 하신말씀 지금 현재는...???",18.11.12,3명
195,카풀반대,18.11.12,46명
196,청년내일채움공제,18.11.12,1명
197,기초수급자&국민연금,18.11.12,6명
198,카플을 반대합니다,18.11.12,12명
199,간호사의 처우개선이 시급합니다.,18.11.12,0명
200,유치원교사도 퇴직금을 받을수 있도록 해주세요,18.11.12,4명
201,삼성의 x! 삼성바이오의  폐륜짓에 특혜주지마라!,18.11.12,7명
202,최저시급 1월달에서7월달로 유예하는법안을 김 관영의원이 발의하고 있습니다.,18.11.12,3명
203,안보이는 청계천 한쪽 귀퉁이라도 좋으니 65년 역사를 이어가게 해 주십시요란 청원제목에 관심 부탁드립니다..,18.11.12,6명
204,카플반대,18.11.12,18명
205,불법카풀앱 반대,18.11.12,22명
206,공공기관 채용과정상 오류 전수조사,18.11.12,6명
207,카풀반대,18.11.12,12명
208,먹고살기힘듭니다.하루버티는것도힘듭니다.,18.11.12,8명
209,국립중앙의료원 채용 비리 다시하번 조사부탁드려요,18.11.12,2명
210,말도 안되는 회사 복귀 전화,18.11.12,1명
211,일자리 정책 1순위 시행해주세요,18.11.12,1명
212,카풀반대,18.11.12,39명
213,IBK 국책은행 기업은행 진실!!!!!,18.11.12,23명
214,소득주도성장이라는 거짓말좀 그만 했으면 좋겠습니다,18.11.12,17명
215,깨끗하고 공정하고 실질적인 정규직 전환을 ibk는 실행하라,18.11.12,3명
216,3D업종 안전문제에 대한 대책,18.11.12,1명
217,"337618님~~~전산회계 자격증 따서 경리(아파트, 회사)로 가면 될 것 같네요",18.11.12,1명
218,나라를 위해 일하자. 자기의 신념을 위해 일하지 말고~~~,18.11.12,3명
219,경영상황 악화(민간기업)로 인해 15년 7개월 근무 후 퇴직하게된 40대 초반 여성은 지원하거나 갈 수 있는 일자리가 없습니다. 도와주세요..,18.11.12,2명
220,현대차 노조는  취업희망자들이  기회를 갖도록 협력해야 한다,18.11.12,3명
221,귀가 있고 눈이 있다면 경제가 어떻게 망해가고 있나를 보고 국민들 힘들지 않게 하도록 합시다,18.11.12,18명
222,경제정책이 잘못되었다면 돌아가야 한다. 계속 가다가는 졸망한다. 지금도 힘들다,18.11.12,10명
223,카카오 택시 카풀 반대 운동,18.11.12,58명
224,공무원 체력시험 좌전굴없애주세요,18.11.12,1명
225,국민연금 개혁에 정년연장은 애써 외면하는지,18.11.12,2명
226,● 우리가 복수하는 방법은 애를 낳지않는 방법밖에 없다 으 아침부터 취하자 청년들이 잘못한게 아니다 시험에 떨어진게 아니다 노력이부족한게아니다 청년들이여 이나라는 미래도 정의도 없는 세습양반 상놈천민의 사회다 아무리 노력해도 성적이 좋아도 고용세습세력 일자리약탈세력 그리고 이들을 모두 집행유예 풀어주는데 뭘할수있나요 결혼도 하지말고 애도 낳지말고 그냥술이나먹으면서 살수밖에 일자리공약을 믿은 청년들은 죄가없다 인구감소로 강남부동산 개폭락하길 신이라는게 있다면 빌어본다 ,18.11.12,5명
227,한국 타이어는 죽음에공장이 아닙니다.,18.11.12,1명
228,현대차 노조는 취업희망자들이 기회를 갖도록 협력해야한다,18.11.12,5명
229,부산 해운대 **요양병원 휴업? 패업?,18.11.12,3명
230,중소기업 이윤 보장,18.11.12,1명
231,문재인이 창출한 신규 일자리,18.11.12,8명
232,청년정책?? 누군주고 누군안주나?? 정규직전환??,18.11.12,3명
233,카카오 택시 카풀 반대 합니다.,18.11.12,161명
234,일자리대란알고있나..듣기나했나..,18.11.12,7명
235,신한은행 도급회사 신한서브 갑질 피해자입니다.,18.11.12,1명
236,에듀이당이라는 교육원에서  온라인 교육을 실시 하였는데 시험 보는 도중 일이 생겨 시험을 못치르게 되었습니다,18.11.12,0명
237,공매도 폐지하라.국민들 죽어간다.국민의소리를 묵살사지마라.,18.11.12,10명
238,청원경찰 주52시간,18.11.12,4명
239,내년최저임금인상 경기불황현장상황 특단의결정해야,18.11.12,3명
240,공공기관 채용비리 엄정수사하고 강력하게 처벌하라!!!!,18.11.12,14명
241,보건소 방문간호사 고용안정을 부탁드립니다.,18.11.12,7명
242,"공기업 비정규직 정규직화, 유기계약직 무기계약직 전환.",18.11.12,6명
243,문재인 집권2년차인데 ....,18.11.11,21명
244,안보이는 청계천  한쪽 귀퉁이라도 좋으니 65년 역사를 이어가게 해 주십시요.,18.11.11,154명
245,주휴수당 폐지해주세요,18.11.11,13명
246,대통령님 도대체 뭘했길래 일자리가 없습니까?,18.11.11,21명
247,여성에게 화장실갈때 보고하러 가라고 예기한다는데  직장내 성희롱 아닌가요?,18.11.11,5명
248,"교사, 공무원, 공기업 임금을 OECD 평균 수준으로 내려 주세요.",18.11.11,17명
249,카풀 반대 청원합니다,18.11.11,27명
250,대통령님께 올리는 글!,18.11.11,2명
251,일자리 창출하기 전에 고용촉진지원금 부터 폐지하세요/,18.11.11,2명
252,경제정책 간단하다! 독과점경제구조 깨면 다 해결된다!,18.11.11,0명
253,외상환자  돌볼 준비안된  국가! 국민안전 논하지마라!,18.11.11,5명
254,다시는 장하성 처럼 독선적 인물이 경제를 말아먹는 사태가 반복되어선 안 됩니다.,18.11.11,6명
255,구로동 이나 대림동 미세먼지,18.11.11,5명
256,일반노무기술자에대한 실태파악,18.11.11,2명
257,'재도약'을 위한 '재교육'이라는 사회안전망 구축이 필요합니다,18.11.11,0명
258,행정갑질로 멀쩡한 어린이집 폐원지경 이르도록 할 수는 없는 것이지요.,18.11.11,6명
259,대한민국 미래! 국민ㆍ소상공인ㆍ소기업ㆍ벤처에 있다!,18.11.11,3명
260,"국민은   명령한다!    ""대통령    문재인은     앞으로    청와대    일자리    상황판을     한달에    한번     직접      국민에게     브리핑하라!""",18.11.11,17명
261,용역업체 관리및감독,18.11.11,0명
262,경제리더십,18.11.11,3명
263,"진정한    선진국은   힘든    육체노동자가   정당한   댓가를    받는것!   한국은   ""양아치    선진국!""",18.11.11,6명
264,정부는    각종일자리를    제공해가며   국내    중국인   숫자를    늘려가는   이유를     설명하라!,18.11.11,5명
265,일자리가 없어  문젠가요 아님 힘든일은 싫은건가요,18.11.11,6명
266,자가용카풀반대,18.11.11,20명
267,"인도   단체관광비자    검토,    부부가    쌍으로    나라를    말아먹는구만!",18.11.11,6명
268,콜센터 직원도 사람입니다. 도와주세요,18.11.11,3명
269,삼성생명의 횡포 왜 비호되고 못건드리는가?,18.11.11,5명
270,정부는   건설업    기초안전보건교육증으로     국민에게   사기치는     한국산업안전보건공단을     폐쇠하라!,18.11.11,2명
271,카카오카플반대,18.11.11,44명
272,세금내는건 우리나라인데 건설현장가면 헷갈려요,18.11.11,13명
273,카풀택시도입을반대합니다.,18.11.11,22명
274,"불체자    천국,    뭐?    일자리를    만들어!    중국인들    일자리?",18.11.11,14명
275,"불체자35만에    단속인원257명,    죽일놈의    정권!",18.11.11,15명
276,탄력근로제국회가결하면(한.민)노총파업지지해주세요,18.11.11,6명
277,지방주요도시에 더 강력한 개발정책이 필요합니다,18.11.11,3명
278,공인중개사시험 너무쉽습니다 상대평가나 어렵게내주시길바랍니다,18.11.11,15명
279,69세 장애인 일터를 지켜주세요,18.11.10,4명
280,종로 고시원 화재의 희생자들인 중 장년층 실업 주거문제도 신경써주세요,18.11.10,4명
281,"합법,불법을   불문하고   외국인을    위한   일자리   정권!     ""밥이    목구녕으로    쳐넘어가냐?""",18.11.10,8명
282,대통령님! 우리가 촛불을 들었습니다.! 그런데 정권이 바뀌어도 오히려 더 절망의 고통으로 몰고가고 있습니다.,18.11.10,17명
283,정년연장650세로 지금당장해야,18.11.10,6명
284,국민들에게 청원글을 올립니다,18.11.10,6명
285,일방적인 정규직 전환 차라리 없던걸로 해주세요,18.11.10,5명
286,고용촉진지원금이 고용을 방해하는 원흉이 되는 것을 방지하여 주십시요,18.11.10,2명
287,자가용 카풀반대,18.11.10,84명
288,문재인은    밥이    목구녕으로    넘어가는가!,18.11.10,18명
289,청년취업율 얼마나 더 떨어뜨려야 되나요?,18.11.10,7명
290,공매도 처벌바랍니다.,18.11.10,12명
291,노동시간 단축으로 편법이 늘어나는 것을 막아주십시요.,18.11.10,4명
292,갑작스러운 해고통지서,18.11.10,3명
293,카풀반대청원,18.11.10,36명
294,인천공항 이용경험 및 건의사항,18.11.10,3명
295,네이버 부동산 업자상대로 갑질,18.11.10,1명
296,육군사관학교 폐지,18.11.10,3명
297,카풀반대,18.11.10,33명
298,■ 불쌍한 청년들 살펴주세요 일자리약탈로 개고생알바 밤샘공부 해도 친인척 채용비리로 억울하게 탈락한 수십만 청년들에 관심좀 가져주세요 촛불혁명자부심도 사라져가네요 국민은행 일자리약탈범죄자들을 집행유예로 풀어주고 이제는 나몰라라 북한과 한번에 수십억드는 외교여행만 즐기는거 같으니 수백만 청년들은 이제 기댈데도 없고 분노와 좌절로빠집니다 이런데 결혼하고 애낳겠습니까 인구감소로 부동산가격이 3분1로 대폭락한 일본이 안보입니까,18.11.10,8명
299,탄력적 근로시간제 반대합니다.,18.11.10,4명
300,억울합니다. 갑질로 부터 제삶의 터전인 **스터디를 지켜주세요,18.11.10,111명
301,일용근로 노동자의눈물(퇴직금),18.11.10,10명
302,중국인들에게 일자리 창출????,18.11.10,14명
303,블라인드 채용 하는곳이 많았으면 좋겠습니다.,18.11.10,4명
304,카카오 합승반대,18.11.10,21명
305,카풀반대,18.11.10,33명
306,제29회 공인중개사 시험 문제 오류에 대해 해결하여 주세요,18.11.10,496명
307,건설교통부장광 바꾸면 안되나요?,18.11.10,3명
308,카풀반대,18.11.10,19명
309,■국민은행(회장손녀채용) 정규직 친인척채용 비리 그룹전체조사필요 계열사 하청기업에 친인척 채용 비리 전부조사 연루된 정규직원 파면 하라 고용세습 온상 채용비리 일자리약탈기업의 표본 계열사 하청 기업 전수조사 연루된 정규직 파면 하라 한국전체가 이런비슷한 행태 개고생알바 밤샘공부 해도 일자리 약탈 당하는데 국가 민족의 미래 젊은이 들을 이렇게 대우해서 국가의 미래가 있는가 가짜사기 일자리정부 오명을벗기위해 제발 진실하게 행동으로 보여라,18.11.10,4명
310,국가근로수당 좀 올려주이소,18.11.10,0명
311,IT 노동자의 불법파견을 없애주세요...!!!!!,18.11.10,5명
312,문재인 대통령님,18.11.10,2명
313,뇌전증 환자를 도와주세요,18.11.10,5명
314,대통령님께 드리는 글,18.11.09,2명
315,유시민 행복해 보이네요. 정계복귀 시키지 마세요,18.11.09,5명
316,사법고시를 부활시켜주세요.,18.11.09,63명
317,국민을 기만한 장하성을 처벌해 주세요,18.11.09,5명
318,통장발급강화좀 풀어주세요,18.11.09,9명
319,코시 편파해설 잘라주세요,18.11.09,2명
320,최저시급을 낮춰주십시오!,18.11.09,10명
321,동행이라는 프로를 보면 52시간제가 마냥좋은건 아니라고 생각합니다..,18.11.09,2명
322,불법체류자 추방해주세요,18.11.09,13명
323,문재인 대통령은 공정경제를 말하기 전에 공정 채용을 지켜주십시오.,18.11.09,9명
324,일자리에 쓰인돈 감사합시다,18.11.09,5명
325,로스쿨에서 얻은교훈은 절이싫으면 중이떠나야한다는점입니다.,18.11.09,1명
326,변호사시험5탈제를 풀어주시지 않는 이유가 무엇입니까?,18.11.09,3명
327,카카오 카풀 반대,18.11.09,83명
328,한국수자원공사 임금피크 제도 철회,18.11.09,3명
329,사립유치원 교사들을 도와주세요,18.11.09,5명
330,외국인  고용과 일자리 창출에 대하여,18.11.09,2명
331,탄력근로제근로자는강력하게반대한다,18.11.09,3명
332,■ 국민은행 ( 회장 손녀 비리채용 ) 친인척 채용비리 그룹전체조사필요 계열사 하청기업에 친인척 채용 비리 전부조사 연루 정규직원 파면 하라 고용세습 온상 채용비리 일자리약탈기업의 표본 계열사 하청 기업 전수조사 연루 정규직 파면 하라 한국전체가 이런비슷한 행태 개고생알바 밤샘공부 해도 일자리 약탈 당하는데 국가 민족의 미래 젊은이 들을 이렇게 대우해서 국가의 미래가 있는가 가짜사기 일자리정부 오명을벗기위해 제발 진실하게 행동으로 보여라,18.11.09,11명
333,공인중개사 오류 문제들,18.11.09,42명
334,고용세습 전수조사 실시 부탁드립니다.,18.11.09,16명
335,카풀반대,18.11.09,18명
336,카풀반대합니다.,18.11.09,14명
337,카플반대,18.11.09,30명
338,노량진 수산시장...신시장 vs 구시장,18.11.09,4명
339,카카오 카풀 반대합니다,18.11.09,13명
340,대통령님!!! 공매도좀 한시적이라도 폐지해주세요!!!,18.11.09,10명
341,일일알바 거짓 입금 날짜,18.11.09,3명
342,공공기관 및 민간기업 감사 등 업무관련성없는 낙하산 인사에 대해 꼭 대책을 세워주세요,18.11.09,5명
343,공무원과 공단 직원들이 너무 많습니다,18.11.09,20명
344,"출산율 폭락과 저상장, 고실업의 원인은 촛불과 심장병 때문이라고 봄.",18.11.09,3명
345,"자영업자들, 기업들 살려야 경제도 산다",18.11.09,12명
346,"사지,정신 멀쩡한 청년한테 실업급여 주는거 중단 시켜주세요",18.11.09,18명
347,공공기관 비정규직 정규직전환 진행,18.11.09,1명
348,청년내일 채움공제  10개월만에  줬다  뺐습니까?,18.11.09,2명
349,장씨만 짤라줘요...김동연장관님은 놔둬요,18.11.09,15명
350,"어린이집,유치원 교육 일자리",18.11.09,0명
351,"어린이집,유치원 교육 일자리",18.11.09,1명
352,일자리 창출은 가까운 곳 부터 찾아 보는 것이 도움이 될수 있습니다.,18.11.09,0명
353,공공기관에서 기간제 채용시 쪼개기계약,18.11.09,3명
354,국공립유치원 1000개학급 신설! 우리 일자리를 뺏아가지 마세요! 우리도 대한민국에서 먹고 살게 해주세요!,18.11.09,6명
355,청소년 아르바이트 자리를 늘려주세요,18.11.09,1명
356,국공립유치원 1000개학급 신설! 우리 일자리를 뺏아가지 마세요! 우리도 대한민국에서 먹고 살게 해주세요!,18.11.09,2명
357,카카오 카풀을 반대합니다,18.11.09,46명
358,자국인일자리 빼앗는 건설현장중국인을 몰아내자.,18.11.09,16명
359,불체자고용하는 막가파고용주처벌해주세요.,18.11.09,5명
360,"최저임금, 주휴수당 개정 부탁드립니다",18.11.09,8명
361,최저 임금과지원방법,18.11.09,0명
362,최저시급도 안주는 중소기업들 싹다 없애주세요,18.11.09,4명
363,동해 대게수입업체의 독점 막아주세요,18.11.09,1명
364,실업급여도 소득신고해야합니다,18.11.08,3명
365,직업훈련기관 체질개선해서 좀더 질좋은 직장에 취업할수 있는 기반좀 만들어 주세요,18.11.08,0명
366,한국대기업은 어느나라기업입니까,18.11.08,2명
367,임금체불은 범죄 아닙니까?,18.11.08,9명
368,이력서에 부모님 직업 물어보는 나쁜 기업 오리온 처벌해주세요,18.11.08,4명
369,블라인드 채용,18.11.08,3명
370,CJ대한통운이 대전터미널 가동중지로 인해 초래된 일련의 사태의 피해를 택배기사들에게 떠넘기고 있습니다.,18.11.08,14명
371,"IT 창업하여 ""폭행"" 범죄자로 몰린 여성 스타트업 대표입니다.",18.11.08,155명
372,"3,000,000명 일자리 신도시 건립하자 경제난과 실업난을 동시에 해결하자.",18.11.08,1명
373,불체자 관광비자,18.11.08,7명
374,카풀 앱 자가용영업 반대의견,18.11.08,50명
375,■ 결혼율 출산율 높이지 않으면  대한민국 필리핀 보다 뒤쳐진다 인구감소 부동산 3분의1  폭락  분명한현실을 외면하지마라 젊은이들의 신뢰회복 국가의 운명이 달려있다 힘들지만 결혼해서 아이를 낳고 열심히 살면 미래가 있을거란 희망과 신뢰 모든것이 젊은이들 신뢰회복에 국가운명이 달려 있다 고용세습 일자리 약탈세력과 전쟁을 선포해서 노력한 청년들에게 정당한댓가가 돌아가게하라 일자리 약탈로 더이상 좌절과 분노에 빠지지않게 하라 강남지역 아파트 분양권은 직계존비속이 한채라도 강남에 아파트가있으면 우선순위박탈하고 신혼부부 우선 다자녀우선 무주택기간우선 원칙을 철저히 이행하면 젊은이들이 희망을 갖고 신뢰를 회복하고 제대로된일자리 갖기위해노력하고 아이를낳고 열심시 키우며 다이내믹 코리아로 다시돌아갈것입니다 임종석 비서실장은 정치인입니다 지금은 정치적 뇌를 버리고 대통령을 진실된길로 인도할 유일한 사람일지 모릅니다,18.11.08,3명
376,식자재 유통업계의 횡포와 만행에 대해서 말하고자 합니다.,18.11.08,1명
377,아파트관리소 직원입니다.,18.11.08,17명
378,■ 국민은행 ( 회장 손녀 비리채용 ) 친인척 채용비리 그룹전체조사필요 계열사 하청기업에 친인척 채용 비리 전부조사 연루 정규직원 파면 하라 고용세습 온상 채용비리 일자리약탈기업의 표본 계열사 하청 기업 전수조사 연루 정규직 파면 하라 한국전체가 이런비슷한 행태 개고생알바 밤샘공부 해도 일자리 약탈 당하는데 국가 민족의 미래 젊은이 들을 이렇게 대우해서 국가의 미래가 있는가 가짜사기 일자리정부 오명을벗기위해 제발 진실하게 행동으로 보여라,18.11.08,8명
379,자격없는 운수업 카플 반대 합니다,18.11.08,52명
380,초등중등고등과정에 코딩과목개설청원.,18.11.08,1명
381,지역인재 채용,18.11.08,1명
382,카풀반대,18.11.08,39명
383,이것 정규직화인가?,18.11.08,5명
384,건설현장 감리원  처우개선해야 합니다.,18.11.08,3명
385,대기업의 갑질,18.11.08,5명
386,창업지원,18.11.08,2명
387,카카오 택시 카플을 반대합니다,18.11.08,45명
388,계속하여 근로할 자가 있는데도 형식적으로 채용공고내는 것을 청산해주세요,18.11.08,4명
389,중소기업/자영업자좀 살려주세요,18.11.08,8명
390,21회 주택관리사보 2차시험의 부당함을 대통령님께 호소합니다.,18.11.08,10명
391,음주운전자 채용 금지,18.11.08,12명
392,경제난 일자리의 해소방안,18.11.08,6명
393,공원 낙엽 쓸기,18.11.08,2명
394,세금으로 일자리 해결할려는 생각 버리세요,18.11.08,18명
395,운전전문학원강사살려주세요,18.11.08,6명
396,부당한 법계정,18.11.08,0명
397,경기 활성화되는 나라도 많은데 우리나라는 이모양...,18.11.08,6명
398,카카오 카풀을 막아주세요,18.11.08,126명
399,자격증은 필요가 없나요,18.11.08,3명
400,카카오 카풀을 막아주세요,18.11.08,63명
401,"장애인 일자리사업에 제한없이 해주십시요.예산 핑계로 조정 삭제 불가 합니다,",18.11.08,1명
402,제발좀 도와주세요 부탁드립니다...,18.11.08,3명
403,홍종학 같이 재산 많은 자들의 재산에서 나오는 소득을 빈민들하고 공유하자.,18.11.08,4명
404,최저시급7530? 택시기사는 12시간 앨해도 200을 못법니다.,18.11.08,11명
405,말도 안되는 금액의 꽃집홍보 관리부탁드립니다.,18.11.08,0명
406,연 1만명 규모로   방송대 로스쿨 설치를 청원합니다.,18.11.08,1명
407,교사호봉은 왜 9호봉부터 시작하나요?,18.11.08,9명
408,"영양사vs영양교사, 상담사vs상담교사, 간호사vs간호교사",18.11.08,5명
409,Lh공사사장님 불체자 보다 국민이  먼저입니다,18.11.08,8명
410,인천국제공사 일자리 통합 플랫폼실시 약속(2018년9월실시하겠다던약속)을 즉각시행하라,18.11.08,0명
411,"한  청년이 자살을 기도하였습니다. 임금체불 악덕업주의 만행, 이렇게 당하고만 있어야하는걸까요?",18.11.08,492명
412,청년일자리도 만들고 안심하고 아이를 맡기고 일할수있는 베이비시터를 육성하여 비리를 없에는 방법도 있습니다,18.11.08,4명
413,자영업자의 눈물~~~눈물좀 닦아줘라,18.11.08,10명
414,장하성 실장님 국민들과 직접 소통해주십시오,18.11.08,6명
415,주64시간 탄려근로제 할려면 월래되로 그냥하세요. 눈치만보고 이랬다 저랬다 생색내기만 하다가 결국 원점이네요,18.11.08,4명
416,***드림 재택근무 다단계사기 없애야합니다,18.11.08,7명
417,청년창업을 권장하지만 그들의 대부분은 신용불량자가 됩니다.,18.11.08,3명
418,외식업 창업 규제!!,18.11.08,2명
419,일자리 창출,18.11.08,3명
420,주 52시간에 대하여 청원글 올립니다.,18.11.08,11명
421,일자리 정책,18.11.07,1명
422,포괄임금제는 폐지 되어야 합니다.,18.11.07,12명
423,중국도 고령화와 저성장을 경험할겁니다,18.11.07,3명
424,다이소 섹터장이란 직급은 뭔가요?,18.11.07,15명
425,주52시간 근무제 폐지해주십시오,18.11.07,15명
426,미래에셋생명 설계사 교육비 부당 환수 내용.,18.11.07,1명
427,엄청난 힘을가전 적폐세력과 싸우는 투사가  넘적다!,18.11.07,2명
428,카카오T 카풀 반대합니다.,18.11.07,68명
429,국민연금공단의 정신상태 제대로  고쳐야!,18.11.07,11명
430,"- 최저임금 보호법을 ""조롱하는 고용노동부-",18.11.07,5명
431,고용세습 비리에 대한민국 청년이 울고 있다.,18.11.07,10명
432,대한민국 정부가 펴는 일자리 창출 정책은 절대 성공못한다.,18.11.07,4명
433,한달에 1억 벌기는 문제도 아니라는 수의사들,18.11.07,8명
434,불법체류자 추방해 주세요,18.11.07,15명
435,카카오 카풀,18.11.07,38명
436,모든 공무원 시험의 한국사 과목은   한국사 능력검정시험으로 통일해야,18.11.07,3명
437,경제를 살려주세요,18.11.07,8명
438,장애인 일자리,18.11.07,2명
439,일자리는  가까이에 있습니다,18.11.07,3명
440,연 1만명 규모로   방송대 로스쿨 설치를 청원,18.11.07,4명
441,중소기업 재직자공제 현실화,18.11.07,1명
442,건설현장 일용직 근로자 70세까지 할수 있도록 해 주십시요,18.11.07,8명
443,대기업 이익 나눌게  아니라  불공정 독과점 이익 회수하라!,18.11.07,3명
444,아워홈 성폭행및. 비리,18.11.07,6명
445,■ 일자리약탈이 ■부동산대폭락과 연결듸는이유 일본부동산 인구감소로 도쿄인근 6억짜리콘도 20평 짜리가 현재 2억으로 폭락된상태 빈집이 천만개 가까이된다 청년들이 열심히노력해도 일자리 약탈로 허망함에빠져 결혼도 않하고  애도낳지않고 동거하며 둘이벌며 그냥 유럽여행이나  즐기며 자포자기상태로 갈것이며 정부예산몇백조 투입해도 허사이다 당장 친인척 체용비리 젊은이일자리 약탈자들을 극형에처하고 청년들이 노력한만큼 정당하고 적절한 일자리를 만들어라 이대로가면 인구감소 부동산 대폭락이 일본처럼 반드시온다 결혼을 못하는데 애들을 어떻게 낳겠는가 이돌대가리 김동연 부총리 장하성 수석아 제발 일자리 기본부터 다시 만들어 청년들이 희망을가지고 결혼하고 가정을 꾸리게하라 부동산 대폭락이 반드시온다 인구를 늘려라 청년들이 애를 낳게 만들어라 그게핵심이다 이돌대가리들아 부동산대폭락이 벌써보인다,18.11.07,3명
446,무사안일 공무원,18.11.07,5명
447,제발 정신좀 차리고 살아라,18.11.07,4명
448,"소득주도성장의 문제가 아니라 부동산정책,52시간, 원전,건설,자동차 등 다발성 복합적인 부작용이 원인이다.",18.11.07,4명
449,산불 감시원등 기간제 부자들 (고액재산 연금혜택 받은자들은 뽑지 말아 주세요,18.11.07,12명
450,일산직업능력개발원에가고싶어요,18.11.07,0명
451,재외공관 행정직원 지원자격 제한에 대한 부당함,18.11.07,2명
452,2018년 대한민국 자랑스러운 행정부처 공직자 님 감사합니다 고맙습니다 칭찬합니다.,18.11.07,1명
453,소득주도성장 관련,18.11.07,7명
454,세계 거점 도시에 한국 문화원 건립 통한 청년 실업 해결,18.11.07,0명
455,해외취업하게 당장 지원금을 보내줘요.,18.11.07,0명
456,카풀반대,18.11.07,25명
457,협력이익공유제는 경제를 나락으로 빠드리는 정책입니다.,18.11.07,2명
458,노사 및 전문가 중앙협의기구 의 일방적인  합의사항 발표와 정규직 전환반대 의견,18.11.07,8명
459,국외투자기업들 전부 철수 해서 본국으로 돌아와야할때다,18.11.07,1명
460,당구장에 당구치는 사람이 없어요 자영업자 기업인들 살려줘요,18.11.07,8명
461,공인중개사  자격시험 형평성에대해,18.11.07,57명
462,카카오 카풀 반대합니다,18.11.07,25명
463,방문판매 직종도 실업급여 받을수있게 해주세요,18.11.07,1명
464,정규직 전환 반대,18.11.07,3명
465,일자리창출 요망(기혼 및 육아를 하는 여성들을 위한),18.11.07,5명
466,9급 공무원 영어과목 폐지해주세요,18.11.07,6명
467,모든 공무원시험 한국사능력검정시험으로 통일해야,18.11.07,4명
468,"이제 제약회사의 삼성전자를 키워야, 약대 입학정원 6천명으로",18.11.07,1명
469,"의사 수,  OECD 꼴찌",18.11.07,4명
470,추천합니다~^^,18.11.07,1명
471,택배 물류센터 현장 대폭 추가건설하라.,18.11.07,3명
472,화물연대 국민만 비호한 경찰은 불법 자행하는 자들의 편이었다.,18.11.07,"1,959명"
473,취업안되서 짜증나 이게 다 문재인 때문이야,18.11.07,15명
474,카풀반대합니다,18.11.07,9명
475,"日 기업 취업 박람회에 몰린 韓 청년들을 보며, '일자리 정부'가 국내에선 일자리를 제대로 만들지 못하고 다른 나라 기업에 손을 벌리는 듯해 씁쓸합니다.",18.11.07,2명
476,"대통령님, '탄력 근로 시간제'가 뭔지는 아시나요?",18.11.07,4명
477,탈원전 정책으로 인해 일자리를 잃었습니다.,18.11.07,10명
478,콜센터는 양질의 일자리가 아님니다.,18.11.07,5명
479,최저임금 인상으로 제조업체 해외 이전  러시.,18.11.07,12명
480,정부여야당 2019년최저임금경제상황고려 개선적극검토,18.11.07,1명
481,베트남으로 공장이전하면,18.11.07,18명
482,외국인과 불법외국인을 이용한 한국노충의  건설업 장악이 심각합니다.,18.11.07,32명
483,5인미만 사업장이란 꼬리표......,18.11.07,3명
484,국회 소속 정규직 청소부도 정정당당히 채용하세요.,18.11.07,2명
485,공공기관 채용시장 투명화와 관리를 위한 방안,18.11.07,1명
486,일을하고 싶어요,18.11.07,1명
487,국내자동차업계 노사는  제정신 아니다! 갑질집단이다!,18.11.06,9명
488,노인들은 운전하지못하도록 해주세요 제도정비와 법개정요구합니다. 장치마련해주세요 그리고 노인들은 재정지원일자리사업중 직접일자리사업에 노인들은 사업참여금지시켜주세요,18.11.06,3명
489,남편의 도둑맞은 일자리와 명예회복을 청원합니다,18.11.06,20명
490,카카오카풀 반대합니다!,18.11.06,76명
491,ㅇㅇ 피보고싶으세요?,18.11.06,1명
492,해외근무관련 개정 요청,18.11.06,2명
493,"5대강지킴이 일자리 문제점 채용비리 , 부정부패, 그리고 녹색순찰대 채용비리와 부정부패와위법사항, 주민감시원의 채용비리 부정부패 위법사항 그리고 공공근로일자리사업 부정부패 채용비리 지역공동체일자리사업일자리 채용비리 조사해주세요.",18.11.06,0명
494,최저시급을 낮춰주세요,18.11.06,7명
495,경제 해법,18.11.06,0명
496,재정지원일자리사업 에관한 정부일자리종합지침을 일자리정책평가과에서 만드는데 문제가 심각합니다.개선방안 직접일자리사업 공공근로 공공근로일자리사업 지역공동체일자리사업,18.11.06,0명
497,100세 시대 말로만하지말고 일자리 창출하세요,18.11.06,1명
498,유치원교사도 청년입니다..직장을 없애지 말아주세요,18.11.06,5명
499,카카오 카풀 반대,18.11.06,48명
500,일자리 통계 방법 바꿔주세요,18.11.06,1명
501,유류세 인하 유가보조금 감소,18.11.06,196명
502,일자리 정책 제안 전부다 비정규직화 해야 합니다!,18.11.06,1명
503,공무원퇴직전1년연수 무임금무노동위배청와대에서는어떻게생각합니까?,18.11.06,5명
504,파주운정지구 건설현장.불법체류 중국인 단속처벌 추방......,18.11.06,9명
505,카카오 카풀 (대기업) 카풀 반대,18.11.06,83명
506,국회 청소부도 20~30대 채용 청원합니다.,18.11.06,3명
507,경찰 공무원 1000만명 채용 청원합니다.,18.11.06,1명
508,■ 국민은행 정규직 들의 하청기업 채용비리 갑질이 가관이다 손녀채용 으로 고용세습의 상징인물로 국민은행 회장이 떠오른 요즈음 국민은행 정규직직원들도 친인척채용비리에 갑질까지 한술더뜨는 군요  정규직 직원들의친인척들이 채용비리로 하청 기업에입성해서 하는짓도 추악하다 업무나 인력조정시 제일먼저나가야할 비리직원들이 각종 꼼수로  힘없는 직원들을 몰아내고 대대 손손 고용세습 갑질을 해대는 모습이란 우두 머리 국민은행회장을 본받은것같다 한마디로 친인척채용비리 갑질의 표본이다 대한민국에 널리퍼져있어 세습양반과 천민  사회로 만들어가는 친인척채용비리 친인척갑질 세력들을 이번기회에 제거하지않는다면  일자리 정부는 가짜요 사기이다 다시한번 온국민이 촛불을 들고 광화문에모여 일자리 약탈 농단 세력들을 몰아내기위한 집회를  들불처럼일어나서 해야하는가,18.11.06,4명
509,주식시장을 폐쇄시키면 경기가 부양됩니다.,18.11.06,2명
510,카카오 카플을 적극반대합니다.,18.11.06,70명
511,국민의  부름에  응답하고  계십니까 대통령님,18.11.06,7명
512,배달앱 거리제한법 만들어주세요!,18.11.06,3명
513,여기 진행하는 사람들아... 경제문제나 최저임금 20만건 안됐냐???,18.11.06,4명
514,어떻게 좀 해주세요.,18.11.06,3명
515,작은도서관관련,18.11.06,2명
516,일자리 만들어 주는 일본에 감사합시다.,18.11.06,8명
517,제조업 하는 사람입니다.. 묵고 살게 좀 해주이소,18.11.06,9명
518,대리기사수입,18.11.06,1명
519,공매도좀 없애주세요.,18.11.06,18명
520,카풀,18.11.06,17명
521,공공기관의 정규직전환 전수조사에대하여,18.11.06,4명
522,아파트관리사무소,18.11.06,3명
523,롯데손해보험의 부당한 영업정지처분,18.11.06,3명
524,삼성전자의 서비스 협력사직원 정직원화 약속...ㅠ,18.11.06,11명
525,"게을러서 취직 못하는 국민 보다,,능력있고, 성실한 자를 일자리 많이 만들어 줘야합니다.",18.11.06,2명
526,●친인척 채용비리 일자리약탈 난무 국민은행 정규직 하청기업 친인척 채용비리 은행회장이 손녀를 채용하니 정규직원들도 따라서 하청기업 친인척채용비리가 난무한다 국민은행은 총체적 채용비리 집단 젊은이일자리 약탈집단이다 이들이 기업내에서도 권력을 휘두르듯 다른직원들에 갑질을 한다 대한민국 일자리 약탈자들을 포청천 앞으로 보내라,18.11.06,7명
527,문재인 경제나 살려라고 좀 경제가 중요핮,18.11.06,16명
528,알바들에 대한 고용주의 고민,18.11.06,8명
529,다을달 부로 일자리가 없어집니다,18.11.06,3명
530,"차등적 상속세율, 법인세율",18.11.06,1명
531,청년실업제도개선,18.11.06,19명
532,약대 정원 5천명으로 늘려야 합니다. 일자리 성장능력 미래를 내다봐야,18.11.06,1명
533,"고작 60명 증원, 미, 일처럼 약대 총정원 제한두지 말아야.",18.11.06,3명
534,4대강 22조면 일자리 100만개 만든다,18.11.06,8명
535,경비실  경비원 보호법,18.11.06,59명
536,공인중개사 시험...,18.11.06,49명
537,빛좋은 개살구인 청년 내일채움공제 개선방안 요구,18.11.06,10명
538,**시스템 사내하청은  누구의 것입니까??? 대기업부터 비정규직을 정규직화 실현해 주세요!!!,18.11.06,38명
539,외국인 노동자를 위한 정책을 만들어주세요!,18.11.06,1명
540,아파트 통장ᆞ동대표 필요합니까?,18.11.06,9명
541,부당한 자발적 퇴사 강요로 인해 고통받는 제 형님들을 지켜주세요!,18.11.06,7명
542,네일미용사 시급 청원합니다.,18.11.06,14명
543,남자들이 잘살수있는 나라,18.11.06,3명
544,외국인 근로자를 도와주세요!,18.11.05,1명
545,카카오택시때문에 개인택시가 어렵습니다.,18.11.05,23명
546,청소년 진로 지원제,18.11.05,3명
547,공무원노조 활동으로 해직된 아빠 복직시켜주세요.,18.11.05,8명
548,"""화장품이 화재 위험물? 관련 일자리 36만명 고용불안""",18.11.05,602명
549,체계적인 공공기관 채용비리 전수조사를 실시하세요!,18.11.05,5명
550,"경제, 시장에만 못 맡긴다",18.11.05,3명
551,"이재명 경기도지사 죽이기 가짜뉴스 조작질 편파수사하는 정치경찰 분당경찰서,kbs,jtbc,tv조선,채널a,조중동,매경...,특검조사 처벌 처벌 하라 !!!",18.11.05,54명
552,국민연굼제도개선에대하여,18.11.05,3명
553,평등한 고용기회 (병에서 회복한 정신장애인을 위한 정신장애인 취업지원센타),18.11.05,3명
554,cj택배 대전허브터미널 영업정지 풀어주세요,18.11.05,44명
555,차등적 상속세율 고려해주길 부탁드립니다.,18.11.05,1명
556,카풀,18.11.05,52명
557,옥시RB 제2의 가습기살균제 피해자입니다.간곡히 호소드립니다,18.11.05,503명
558,지역인재 채용 방식을 한번 더 검토해 주시기 바랍니다.,18.11.05,3명
559,노인일자리 창출 아이디어,18.11.05,1명
560,일자리창출에대해한마디올립니다,18.11.05,2명
561,공인중개사 합격자수?  정보사전유출 산업인력관리공단 비리조사해주세요,18.11.05,43명
562,●친인척 채용비리 일자리약탈 난무 국민은행 정규직 하청기업 친인척 채용비리 은행회장이 손녀를 채용하니 정규직원들도 따라서 하청기업 친인척채용비리가 난무한다 국민은행은 총체적 채용비리 집단  젊은이일자리 약탈집단이다 이들이 기업내에서도 권력을 휘두르듯 다른직원들에 갑질을 한다  대한민국 일자리 약탈자들을 포청천 앞으로 보내라,18.11.05,3명
563,택배 물류센터 근무자들 근무 환경 개선 강화,18.11.05,3명
564,제2의 양진호가 있었던 우리카드 콜센터 취업하지 마세요.,18.11.05,8명
565,경제 살리는 것 어렵지 않아요. 소득주도성장 폐기하면 경제 살아나요. 장씨 고향 앞으로...최저임금 손보고...,18.11.05,16명
566,주52시간근무제진행해주세요,18.11.05,4명
567,대한민국근로자주52시간제근무콕해주세유,18.11.05,2명
568,일자리가 너무나도 없습니다.,18.11.05,8명
569,한울베터리사회적협동조합,18.11.05,3명
570,건설현장 불법취업자 정리하면 2~30만개 일자리 생깁니다.,18.11.05,16명
571,36세 육아맘 취업취소 통보,18.11.05,18명
572,나는 하루 벌어 하루 사는 KT  하청 업체 일용직 근로자의 아들 입니다.,18.11.05,19명
573,36세 육아맘 취업취소 통보,18.11.05,1명
574,나는 하루 벌어 하루 사는 KT  하청 업체 일용직 근로자의 아들 입니다.,18.11.05,5명
575,현대.기아차 및 자동차 귀족 노조 는 자중하라!!,18.11.05,33명
576,민노총  적폐중의적폐   반드시  청삱해주시기를  바랍니다,18.11.05,22명
577,대한민국 정말 살기 힘든 나라입니다,18.11.05,5명
578,디지탈 대장간을 확대 시켜주세요,18.11.05,2명
579,Illegal immigrants,18.11.05,1명
580,사람만 처벌 해야지  기업을 처벌하면  기업이  죽고  경제가  죽는다,18.11.05,7명
581,아웃소싱업체 악질적 관행(탈세),18.11.05,3명
582,임금체불 퇴직금 미지급,18.11.05,5명
583,시급인상 대책을 마련해주세요,18.11.05,2명
584,카불재도없애 주세요.,18.11.05,5명
585,근로계약서 안쓰는 업체가 너무 많습니다.,18.11.05,3명
586,광주 도서관및 구청산하기관 인맥채용 조사좀요,18.11.05,4명
587,사랑하는 대통령님,18.11.05,3명
588,연구직 채용 학력 제한,18.11.05,2명
589,소득주도실패 정책의 현실을 직시하세요,18.11.05,9명
590,택배상하차 현장에 범죄경력자들 근로 금지 청원합니다,18.11.05,4명
591,금융감독원에 직원 채용 좀 늘려주십쇼.,18.11.05,2명
592,5인 미만의 사업장은 근로자들의 인권과  노동법과  근로기준법의 사각지대 입니다 (사업주의 강재해고로 인하여 자살미수건).,18.11.05,4명
593,신한은행 도급회사 신한서브 갑질고발합니다.,18.11.05,3명
594,공공기관 계약직 정규직 전환 얼른 해주세요.,18.11.05,7명
595,부동산중개업자자질,18.11.05,2명
596,일자리 정책 제안합니다,18.11.05,5명
597,일하고  싶습니다.,18.11.05,1명
598,양** 같은 사람은 대한민국에서 없어져야 한다. 해외에서 이런 인간은 강력 처벌받는데..,18.11.05,59명
599,국방과학연구소 비정규직 정규직 전환 절차에 대한 부당함을 알립니다,18.11.05,52명
600,국방과학연구소 비정규직 정규직 전환 절차에 대한 부당함을 알립니다,18.11.05,1명
601,자영업장의 거리제한을 두어야 상생할수있습니다,18.11.05,6명
602,정부가 아이를 고등학교까지 키워주면 출산율이 오릅니다,18.11.05,14명
603,문정부 대선공약 울산제1호 ^조선해양플랜트연구원^울산유치 강력히 요청합니다.,18.11.04,5명
604,사업자 변경 정책 이제 바꿔야 한다고 생각합니다!,18.11.04,2명
605,정신병자 같은 장하성 헛소리에 대통령이 속아 나라가 거덜이 났습니다. 소득주도 성장 그런 거 없습니다. . 못난소리!!,18.11.04,16명
606,주 52시간 근무제도 수정부탁 드립니다,18.11.04,8명
607,주 52시간 근무제 폐지 청원,18.11.04,11명
608,타투(문신)을 합법화 시켜주세요!,18.11.04,6명
609,소득주도성장효과 내는에 누린다고?,18.11.04,6명
610,■ 친인척채용비리 젊은이일자리 인생약탈자들 포청천 처벌로도 부족한 이시대 최악범죄 이런자들을 철저히 보호하고 최고형량이 집행유예라면 불쌍한 백만청년 들은 더이상 기대할곳이멊다 각개격파로 이 악마들을 박만청년들이 제거해야한다 고용세습 상징 국민은행 회장 검찰 경찰 판사 귀족노조 금융 감독원 공기업 대기업 하청기업 친인척 채용비리를 백만청년이직접 색출작업을 해야한다 스마트폰 어플을 만들고 일자리 약탈자들 정보를 공유합시다 신문고나 고용청에 빠짐없이 신고하고 관리해야합니다,18.11.04,14명
611,노동개혁 해주세요,18.11.04,2명
612,"장하성. 브라만 좌파, 강남좌파. 무능하고 염치까지 없는 진보의 수치",18.11.04,9명
613,'공공기관 채용비리 근절 추진단' 제대로 운영하라!,18.11.04,7명
614,힘없는 주부사원들 80여명 해고를 막아주세요!!!,18.11.04,147명
615,"공공기관 직원채용 나이제한 철폐 및 채용시험 일요일로 변경, 군무원시험 공인어학성적 활용 폐지 등을 청원합니다.",18.11.04,5명
616,첫공약의 실천을 지켜주세요,18.11.04,50명
617,외국인을    위한    진보대통령!,18.11.04,10명
618,"배우는것은 합법, 시술은 불법인 반영구화장, 합법화청원드립니다.",18.11.04,77명
619,개인회생자 취업 불이익 금지 청원합니다.,18.11.04,6명
620,노조 세습 금지법,18.11.04,11명
621,고용안정,18.11.04,1명
622,주52시간근무제꼭해주세유!!,18.11.04,3명
623,노임청구 및 소해배상 청구합니다.,18.11.04,0명
624,카풀 반대 합니다,18.11.04,53명
625,카풀 반대 합니다,18.11.04,22명
626,카풀 반대 합니다,18.11.04,12명
627,사회주의 경제 정책 결사 반대합니다,18.11.04,6명
628,카풀 반대 합니다,18.11.04,53명
629,경제 정책의 변화를 촉구합니다,18.11.04,9명
630,cu편의점의갑질,18.11.04,4명
631,건설 근로자 연령제한폐지 및 건강관련,18.11.04,6명
632,"청년 취업, 일자리에 대한 현실적인 의견",18.11.04,10명
633,CJ택배 45일정지 풀어주세요,18.11.04,23명
634,급여를 많이줘서 지원금 못 받는게 말이되나요?,18.11.04,2명
635,정규직 일자리 창출 청원합니다.,18.11.04,1명
636,공휴일을 년차로 포함시키는 악덕관행의 적폐해소,18.11.04,27명
637,카풀반대,18.11.04,23명
638,더불어사는세상주52시간꼭해주세요,18.11.04,1명
639,불체자 관광비자,18.11.04,14명
640,청년들은 취업을 못하는게 아니라 안하는거임,18.11.04,4명
641,카플반대,18.11.04,13명
642,개인택시 부제를 없애면 수급부족으로인한 택시부족현상은 없다,18.11.04,4명
643,개인택시 번호판 개비싸,18.11.04,3명
644,카카오T카풀 찬성,18.11.04,17명
645,화물차 번호판 회사의 횡포가 너무 심합니다,18.11.04,13명
646,연대보증,18.11.04,4명
647,공공기관 채용비리 상담전화인 1398에 전화를 해 보았습니다.,18.11.04,8명
648,한반도순환크루즈여행,18.11.03,4명
649,구청 무기계약직 친인척 채용비리 조사시급!,18.11.03,32명
650,공인중개사협회와 중개업자들에 대한 긴급제안,18.11.03,83명
651,고윗급은 아이디어를내도 귀찮다고 컷트 합니다.,18.11.03,1명
652,취업제한 비위면직자 5년에서 10년으로 연장해주세요.,18.11.03,4명
653,무능력한 경찰들 해고,18.11.03,15명
654,29회 공인중개사시험 가답안에 대한 이의신청 처리,18.11.03,64명
655,카카오 카풀 반대,18.11.03,64명
656,비위면직자 5년취업제한 10년으로 연장해주세요!!!,18.11.03,5명
657,불법체류자 추방해주세요,18.11.03,26명
658,용산기지에 영구 임대주택을 지어 주세요!,18.11.03,12명
659,공인중개사 중개사고많이나고있습니다 시험3년에한번 시행해야합니다!상대평가전환해야됩니다,18.11.03,46명
660,집값잡혀가는데 용산미군부지 부각시키지마세요,18.11.03,2명
661,국민연금 수익율 제고 및 실업율 제로를 위한 게임시티 제안,18.11.03,0명
662,저는 18살 특성화고 학생입니다,18.11.03,8명
663,공인중개사 2차 유예연장해주세요,18.11.03,57명
664,개인카플 반대합니다,18.11.03,32명
665,조선 선박 관련 청원합니다.,18.11.03,2명
666,공무원 정년 및 연금제도 개정으로 청년에게 일자리를 주세요,18.11.03,4명
667,카풀반대,18.11.03,89명
668,카풀 반대,18.11.03,13명
669,너무 쉽게출제되는 공인중개사시험 3년에한번 시행하라!!,18.11.03,14명
670,29회 공인중개사 시험 재시험시행하라,18.11.03,47명
671,일자리 창출을 위해  국가가 나서야합니다,18.11.03,1명
672,일자리 좀 주세요,18.11.03,8명
673,29회 공인중개사시험 치른 후,18.11.03,128명
674,이번29회 공인중개사시험을 치르고 나서,18.11.03,38명
675,cj대한통운 대전 허브터미널 작업중지 풀어주세요,18.11.03,47명
676,건설현장  빨간날쉬게해주십시요,18.11.03,5명
677,고용세습 1+1 을 허락해 주십시요,18.11.03,2명
678,단기 일자리 예산 폐지하고 고교 직업교육에 예산을 쓰세요,18.11.03,1명
679,카풀앱불법운송에대해서결사반대합니다,18.11.03,6명
680,최저임금정책 잘못해서 경제 파탄난다. 지금도 늦지 않았으니 최저임금위원회 해체하고 국회에서 다시 정해라,18.11.03,11명
681,주부사원 80여명 대량해고 통보한 한국 시티은행을 고발합니다!!!,18.11.03,27명
682,카풀 반대합니다  /<수정>,18.11.03,43명
683,조선소에 다니는 노동자입니다.,18.11.03,7명
684,"택시,카풀 반대합ㄷ",18.11.03,14명
685,카카오 카플 반대,18.11.03,20명
686,부당한  우리사회의 현실,18.11.03,5명
687,일자리 창출 보다 현 국민의 일자리를 보호하는 것이 우선 아닌가요?,18.11.03,12명
688,노조가 없어지면  경제는 살아난다,18.11.03,19명
689,공공기관 채용비리 전수조사를 공무원 경찰 군무원 등 공직사회 전반으로 확대해주시기 부탁드립니다.,18.11.03,19명
690,엘지전자 구광모회장은 꺼져라.,18.11.03,4명
691,카카오 카플 반대,18.11.03,26명
692,각종 지방도시개발공사에서 100만명채용규모로 확장해야합니다,18.11.03,1명
693,운전 종사업은 52시간 폐지 해 주세요,18.11.03,5명
694,잔업수당이 없으면 회사의 노예가 됩니다.,18.11.03,7명
695,택시 사납금폐지 이후에도 계속되는 사납금,18.11.02,3명
696,영업용 택시가 아닌 자가 영업의 목적으로 운반업을 하는 자들 금지좀 시켜주세요,18.11.02,16명
697,"고용창출 약속 지키지 않는 면세점 , 관세청",18.11.02,0명
698,국제소포 늑장반입처리,18.11.02,3명
699,직업훈련학교 전수조사  유치원보다 더 비리가 있다고 봄,18.11.02,4명
700,편법을 사용하여 회사를 위협하는  투자사로 인한 정규직원들의 부당한 해고를 막아주세요,18.11.02,3명
701,블록체인 산업 육성,18.11.02,2명
702,대한통운 전면적 감사를 청원합니다.,18.11.02,12명
703,한국당 지금 젊은세대 일자리가 없어 힘든데 출산 국민세금 낭비,18.11.02,4명
704,단말기 완전자급제의 함정,18.11.02,"1,116명"
705,업무과다에 대한 사업주의 정확한 보상법을 만들어주세요,18.11.02,6명
706,조선관련 글입니다.,18.11.02,2명
707,지하철 점포 금지업종 변경을 건의 드립니다,18.11.02,0명
708,한전의 행태를 고발합니다.,18.11.02,5명
709,카카오 카풀 반대,18.11.02,60명
710,중소기업대상 고용증진을 위한 장려금 이나 지원금에 대한 개선 및 소급적용에 대한 제안,18.11.02,1명
711,전기안전공사 세금축구,18.11.02,10명
712,일자리 창출을 위해서는?,18.11.02,1명
713,"실업률 근본적인 원인, '청년들의 중소기업 기피' 청년내일채움공제 금액과 대상자 확대로 해결 바랍니다.",18.11.02,4명
714,사상 최악 실업난 고통받는 청년들 배반한 고용세습.,18.11.02,12명
715,국민연금법 때문에 일할 맛이 안 납니다..,18.11.02,11명
716,최저임금정책 잘못해서 나라 망하게 생겼다. 지금도 늦지 않았으니 최저임금위원회 해체하고 국회에서 임금 다시 정해라,18.11.02,13명
717,양**같이 직원들께 이상한행동하라는 갑질로 직원들이 나와서 자영업하는것이 아닌가요 자영업자들 도와주시기 바랍니다,18.11.02,8명
718,직장인 의무교육 개선해주세요,18.11.02,2명
719,29회 공인중개사 자격증시험 출제된문제 검증을 국토부장관님과 문재인대통령님께 강력히 호소합니다!!,18.11.02,72명
720,외국인노동자,18.11.02,18명
721,정권의 상전 귀족노조 민노총 도를 넘었다.,18.11.02,18명
722,기간제 교사 + 인천공항 전직원 정규직 전환 청원합니다.,18.11.02,4명
723,포항경제,18.11.02,3명
724,인천공항 전원 정규직 실현이 공약이셨는데?,18.11.02,2명
725,공공기관 채용비리는 사회적 살인이다.,18.11.02,16명
726,아웃 소싱  없애야한다 생각합니다(일회용인간),18.11.02,3명
727,본사 자회사 아웃소싱을 없애주세요.,18.11.02,6명
728,"택배 상하차, 콜센터, 보험, 영업 일자리들을 없애주세요.",18.11.02,3명
729,아웃 소싱 정부에서 규제해야한다 생각합니다,18.11.02,4명
730,대통령님 생활적폐청산 고용세습부터 청산하시지요,18.11.02,26명
731,순서가 바뀌었어요...,18.11.02,5명
732,외국 노동자,18.11.02,15명
733,29회 공인중개사시험 재시험요청.,18.11.02,50명
734,함께 잘살려면 고용불안 해소해야한다.,18.11.02,4명
735,기업은행 경비.시설직군 근로자 공식성명,18.11.02,29명
736,더 나은 경제발전을위한 규제완화 청원드립니다.,18.11.02,1명
737,IBK 국책은행 기업은행 진실!!!!!!,18.11.02,11명
738,26살 은행 청원경찰 입니다...(너무 억울합니다),18.11.02,21명
739,"빛 좋은 게살구, 무기계약",18.11.02,5명
740,"국민분들!! 카카오 대리운전기사 수수료(카드,현금)무조건,20%..이해가시나요?",18.11.02,41명
741,갑질하는 알바 ~ 이럴꺼면 빚내서 장사안하고 알바하고싶네요,18.11.02,13명
742,사랍대학 비정규직의 처우개선,18.11.02,5명
743,국내 건설현장에서 외노자를  배제하면 일자리 50만개가 생긴다,18.11.02,19명
744,실업율 해결에 도움되기 바랍니다,18.11.02,0명
745,임금체불 공소시효,18.11.02,6명
746,소득주도성장,18.11.01,2명
747,카풀반대합니다,18.11.01,46명
748,신생창업기업을 위한 입찰제도 개선 및 입찰 소요비용에 따른 대책,18.11.01,3명
749,카카오 카풀 반대합니다,18.11.01,55명
750,52조 일자리 예산 쓰고도 3000개 일자리 이게 말이 됩니까!,18.11.01,14명
751,이제 하야해야할시간,18.11.01,23명
752,저소득장년층.빈곤의 악순환으로 세금을 체납할수밖에없는 빈곤충에  은행계좌압류를 철폐하고 기준을정해  금전적인 사면을 부탁합니다.,18.11.01,8명
753,너무 쉬운 공인중개사시험 갱신제도를 요구합니다,18.11.01,16명
754,공인중개사 제도 변경해주세요,18.11.01,21명
755,29회 공인중개사 자격증  2차시험 재실시 강력히 촉구합니다,18.11.01,71명
756,일자리안정지원금이 취지에 맞게 쓰이고 있는지 감사를 요청 합니다.,18.11.01,8명
757,새만금 수소에너지 기술산단 및 종자개량 산단으로의 특화단지 개발,18.11.01,0명
758,중소기업지원금 분별하여 어려운기업 살리기에 힘써주세요,18.11.01,0명
759,재택알바사기꾼들 잡아주세요,18.11.01,10명
760,"영양사vs영양교사, 상담사vs상담교사, 간호사vs간호교사",18.11.01,4명
761,비리유치원폐지에대해서..,18.11.01,1명
762,일을 하고 부당한이유로 정당한 댓가를 받지 못하는 학생들 노동자들을 보호해주세요,18.11.01,4명
763,중소기업,18.11.01,1명
764,제조업이희망이자,18.11.01,1명
765,불법외국노동자들  때문에  자국민들 다죽읍니다,18.11.01,16명
766,근무환경 개선 요청합니다,18.11.01,2명
767,고졸대졸임금이 같아진다면 부동산도 잡을수있어요,18.11.01,3명
768,고졸  대졸 임금을 동일하게 해주세요,18.11.01,1명
769,이랜드 임금협상 인상 및 공식적인 휴일을 지정해주세요,18.11.01,5명
770,청년취업준비금 지급기준을 변경해주세요,18.11.01,5명
771,앞으로 공무원 채용할때 시험제도를 폐지해주세요,18.11.01,3명
772,자영업 허가해주실때 도보 10분이내 중복업종은  불허해주세요,18.11.01,5명
773,아무것도 한 게 없는 에너지절약추진위원회 금지,18.11.01,2명
774,"공무원 겸직금지 의무, 국민전체에 대한 봉사자 삭제 ,여비지급시 1,2호 구분없이 지급",18.11.01,2명
775,현대차노조 광주형 일자리 반대 미친 자가당착이다.,18.11.01,21명
776,현대차가 광주지역 투자문제로 인해 노조가  또 파업을 한다면,18.11.01,7명
777,고용지원이 아닌 기술지원을 해주셔야 합니다.,18.11.01,2명
778,대통령은 정신차려야한다,18.11.01,9명
779,"광주형 일자리를 통해, 청년 일자리 만들어 주세요.",18.11.01,5명
780,최저시급 이제 그만올리세요,18.11.01,12명
781,갑질 위디스크회장 처벌을 합시다,18.11.01,59명
782,"경찰, 소방공무원 증원으로 전기기사자격 시험 포기하고 거기로 갈까나?",18.11.01,2명
783,"영양사vs영양교사, 상담사vs상담교사, 간호사vs간호교사",18.11.01,5명
784,카풀 적극 찬성합니다,18.11.01,4명
785,일자리 상황판 공개 부탁드립니다.,18.11.01,5명
786,자가용 카풀반대,18.11.01,42명
787,공인중개사 시험너무쉽습니다. 29회평균80합격,18.11.01,28명
788,그런 정책으로 해결못합니다,18.11.01,6명
789,국정원레드,18.11.01,1명
790,"반려동물 2천만명 시대 , 수의대 입학정원 늘려야",18.11.01,4명
791,소상공인 자영업자 숨통 좀 빨리 트이게...,18.11.01,8명
792,외국인   노동자   때문에    대한민국은    망합니다!,18.11.01,11명
793,"약대입학정원 일본 13,000명 VS 한국 1,600명",18.11.01,4명
794,일자리 막장,18.11.01,6명
795,한국의 의사 수가 OECD 꼴지입니다.,18.11.01,3명
796,세계를 선도할 의사 약사 치과의사 100만명 양성해야,18.11.01,4명
797,9급도 한국사 시험을 한국사능력검정시험으로 대체해야 합니다.,18.11.01,1명
798,최저임금 적용건에 대해,18.11.01,5명
799,연 1만명 규모로   방송대 로스쿨 설치를 청원합니다.,18.11.01,4명
800,근로기준및 복지,18.11.01,1명
801,가장좋은 일자리창출 정책은 2가지다,18.11.01,6명
802,프리랜서들도 보호해주세요. 프리랜서 임금체불 문제,18.11.01,8명
803,"콜센터 업무보는 아웃,인바 종사자에게 체계적인 노동법규정 만들어주세요.",18.11.01,3명
804,파주운수회사 상무갑질폭행,18.11.01,18명
805,"신규간호사 10만명 양성, 의사도 신규로 10만명 양성해야",18.11.01,4명
806,불체자 관광비자좀 내보내자  노가다꾼들은 국민도아니냐?,18.11.01,19명
807,공기업 친인척 채용비리 뿐만 아니라 승진시기 고위층 빽그라운드 세우기도 조사해야 한다.,18.11.01,24명
808,고객센터 CS 직원들도 여러분에 가족 입니다.,18.11.01,5명
809,폐기물 관리법 때문에 고령근로자 67명이 집단 해고통보를 받았습니다.,18.11.01,54명
810,양회장사건엄중히처벌,18.11.01,140명
811,적폐세력의  중심 독과점대기업=대법원=매국세력!!!,18.11.01,5명
812,공정한 채용,18.11.01,15명
813,"현실이,실질적 효과가 제일 중요합니다",18.11.01,3명
814,소득주도경제파탄 장하성을 경질해야죠 민심모르니 대통령지지율이그모양으로지지부진하죠,18.11.01,20명
815,공공기관 청원경찰,18.11.01,3명
816,시급낮쳐주세요,18.11.01,12명
817,충남 보령시 오천면 영보2리 이장 김종식,18.11.01,8명
818,현대차노조및민주노총해체,18.10.31,42명
819,대통령님은 팔을 걷어붙이시고 일선에서는 않움지이고.....,18.10.31,1명
820,"광주형 일자리 사업을 통해, 청년 일자리를 만들어 주세요.",18.10.31,12명
821,"광주형 일자리 사업을 통해, 청년 일자리를 만들어 주세요.",18.10.31,3명
822,카플반대,18.10.31,23명
823,내일배움카드 대학교 재학생에게도 발급바랍니다.,18.10.31,5명
824,2 0 1 9 일용직 임금체계 좀 상향평준화 바랍니다,18.10.31,4명
825,자국민들좀 신경 써주세요,18.10.31,17명
826,공인중개사 시험무조껀 더어렵게내야합니다 상대평가가답,18.10.31,33명
827,신용회복중인데 앞으로 살아갈길이너무 어둡네요,18.10.31,0명
828,이헌재경제부총리를.임명해해야한다,18.10.31,1명
829,일자리없는 지방,18.10.31,2명
830,카풀앱반대,18.10.31,26명
831,경제정책에 제발 신경써 주세요 국민들너무힘듭니다!,18.10.31,16명
832,고용노동법 사각지대 교육생을 도와주세요!,18.10.31,43명
833,30대 주부도 시험이 어려워  공인중개사 1차 시험만 보고 떠나는 현실입니다.,18.10.31,49명
834,양** 회장의 폭행을 확인해주세요,18.10.31,163명
835,공무원 증원 을 당장 멈추고 현실적인 다른 대책이 필요합니다.,18.10.31,23명
836,정부 인력고용 정책에 역행하는 통신감리 배치 실태(제도보완 필요),18.10.31,1명
837,주 52시간근무로 인해 상근근무가 3교대로 바꼈습니다...올바른정책입니까?,18.10.31,3명
838,카풀반대합니다,18.10.31,34명
839,고용세습 및 정규직 전환시 친인척 확인후 조치,18.10.31,14명
840,2018년 10월 27일에 시행된 KEB하나은행 필기시험에 대한 KEB하나은행의 정확한 피드백!,18.10.31,87명
841,"귀족노조 (현대자동차) 총파업시 세무 조사 , 퇴사 시켜라",18.10.31,29명
842,철도공사는 퇴직자가 운영하는 하청업체를 청산하고 청년에게 일자리를 늘려야 합니다,18.10.31,5명
843,70년 가업회사를 계속 이어갈수 있도록 도와주십시요,18.10.31,6명
844,서울시 용인정신병원,18.10.31,5명
845,지역농협 비리,18.10.31,18명
846,"공공기관 채용비리, 최소한 10년까지는 해야합니다",18.10.31,13명
847,카카오의 문어발식 확장,18.10.31,6명
848,2018년 공인중개사 난이도,18.10.31,44명
849,카풀반대,18.10.31,32명
850,탐정법안을 신속히 처리해 주시면 감사하겠습니다.,18.10.31,8명
851,카플반대,18.10.31,14명
852,재택알바/부업 사기를 없애주세요,18.10.31,1명
853,공인중개사시허 이의신청 산업인력공단에 해야 하지 않을까요?,18.10.31,35명
854,안녕하세요 저는 4년제 사회복지학과를 8월달 졸업한 취업준비생입니다.,18.10.31,6명
855,양***  회장 처벌을 촉구합니다,18.10.31,82명
856,지자체 10개월계약직근로자 정규직전환은?,18.10.31,2명
857,감리제도 보완 에 관하여,18.10.31,1명
858,건강운동관리사 일자리 창출을 위한 국가자격인가?!,18.10.31,"1,412명"
859,간호조무사 폐지,18.10.31,15명
860,파견법 폐지 빨리 할 수록 경제 살아난다.,18.10.31,3명
861,나라꼬라지가왜이런냐?엉망이네.한심하다.,18.10.31,17명
862,카이스트  이병태 교수님을   정책실장  또는  경체부총리로  추천 합니다,18.10.31,5명
863,약대 입학정원을 연 5천명 수준으로,18.10.31,3명
864,한달에 1억 벌기는 문제도 아니라는 수의사들,18.10.31,13명
865,한국의 의사 수가 OECD 꼴지입니다.,18.10.31,9명
866,양** 갑질 폭행 처벌합시다,18.10.31,82명
867,"약대입학정원 일본 13,000명 VS 한국 1,600명",18.10.31,4명
868,"신규간호사 10만명 양성, 의사도 신규로 10만명 양성해야",18.10.31,4명
869,세계를 선도할 의사 약사 치과의사 100만명 양성해야,18.10.31,7명
870,방송대 로스쿨 설치를 청원합니다.,18.10.31,3명
871,"영양사vs영양교사, 상담사vs상담교사, 간호사vs간호교사",18.10.31,4명
872,기성 처리도 안해주고 일시키려는 공장 조사요청합니다,18.10.31,2명
873,"stx엔진,중공업,조선해양 합병을 촉구합니다.",18.10.31,1명
874,행정처분으로 일자리 잃은 국민에게 일자리를 돌려주세요,18.10.31,3명
875,17년 해온 일자리 지켜주요,18.10.31,3명
876,경비지도사 양성자 과정교육을 지방에서도 받게 해주십시오,18.10.31,1명
877,포괄임금제 폐지  언제 진행될까요,18.10.31,6명
878,카풀 법적으로 허용하지 말아야 합니다,18.10.31,48명
879,주52시간 위반시 사업주 처벌규정 삭제해라.,18.10.31,7명
880,최저임금은 오르는데 대리업체 경쟁에 대리비는 낮아만집니다.,18.10.31,6명
881,부산 경남 제조공장 줄 도산 하고 있습니다.,18.10.31,3명
882,내가 좋아했던 정당이  나를 왜면하면  나는 어찌할까요?,18.10.31,8명
883,하루이틀 근무 후 그만둬버리는거.. 사업자도 보호해주세요,18.10.31,11명
884,기본 생활을 할수있는 월급을 지켜주세요...,18.10.31,0명
885,공무원 특채,18.10.31,0명
886,이거나 조금 개선해주세요.,18.10.31,1명
887,서울교통공사채용건,18.10.30,5명
888,외국인 일자리를 늘려주세요.,18.10.30,5명
889,정권에 따라 바뀌는 공인중개사 시험 난이도,18.10.30,85명
890,미용 교육 및 채용비리,18.10.30,0명
891,누구도 절박하지 않은 일자리 5000개,18.10.30,3명
892,실패한 문재인정권,18.10.30,13명
893,중소기업 종소세,18.10.30,1명
894,법정근로시간을 줄여라,18.10.30,1명
895,무능한 강릉시청 일좀 제대로 하게 감사받게 해주세요,18.10.30,2명
896,서머타임제도를 도입하자,18.10.30,1명
897,카풀 어플에 대한 제재를 만들어주세요,18.10.30,68명
898,특정단체의 이익을 위하여 정부의 기조가 배척된 사실이 있는지 여부를 확인하여 주시기 바랍니다,18.10.30,50명
899,고용증대를 위해 외국에 나가 있는 기업 국내 회귀 방안,18.10.30,1명
900,고졸 취업! 가능한건가요???,18.10.30,246명
901,"존경하는 대통령님 ""노무현대통령님의 정신, 사람이 먼저인 세상""을 눈물로 호소합니다.",18.10.30,4명
902,이번 29회 공인중개사 시험의 본질적인 문제에 대해 말씀 드립니다.(필독),18.10.30,163명
903,김동연과    일자리수석을    당장    교체하라!,18.10.30,13명
904,좀비 기사 좀 살려 주세요,18.10.30,5명
905,직원을 폭행한 위디스크 사장 양**를 처벌해주세요.,18.10.30,78명
906,장애인에게도 일자리를 많이늘려주세요...,18.10.30,2명
907,청년 해외취업자 울리는 해외취업지원 기업 고발,18.10.30,3명
908,참여연대 .민노총이 없어져야 나라가 산다,18.10.30,23명
909,일자리 창출 및 고용증대,18.10.30,2명
910,신한생명.신한카드.신한은행.신한증권. 신한금융지주회사.,18.10.30,0명
911,그날 말없이 안나오는 알바들,18.10.30,5명
912,청년창업 사기당했습니다.,18.10.30,230명
913,청년복지법없애라,18.10.30,0명
914,공장도 경쟁율이 40:1,18.10.30,2명
915,청년 구직활동수당 효율성,18.10.30,4명
916,퇴직금 소송 패소_ 증거가 없다,18.10.30,1명
917,비정규직을 없애주세요..,18.10.30,13명
918,저희는 충남에 있는 대학 산학협력단 흙수저 계약직 청년들입니다!! 사학의 갑질횡포와 근로기준법 위반에 대한 철저한 조사를 부탁드립니다.,18.10.30,116명
919,기업하기 좋은나라,18.10.30,3명
920,"김동연 ""한국경제 어렵다…일자리 단기간에 해결 안 될 것""(종합), 해결방법을 알려드릴테니 한시라도 빨리 연락주시길 바랍니다.",18.10.30,1명
921,방송대 로스쿨 설치를 청원합니다.,18.10.30,1명
922,의사 수 부족하여 대리수술한다니   의대정원 늘려주세요,18.10.30,3명
923,4호선지하철 고장으로 인한 피해는 누가 보상한답니까?!,18.10.30,1명
924,경제/// 위기다 위기,18.10.30,5명
925,정년 연장해 주세요,18.10.30,6명
926,임금피크제 = 퇴직입니다  NO ! 실제로 정년연장 해주세욧,18.10.30,4명
927,정부는 현대자동차에게 한전부지 10조5500억원 매각을 취소할 수 있는 권리를 제안하여야 합니다.,18.10.30,1명
928,[공인중개사] 중개보조원제도를 폐지해주십시요.,18.10.30,43명
929,카풀제도 반대합니다,18.10.30,24명
930,일용직 근무시간제한 철회 아님 여가수당지급해주세요,18.10.30,2명
931,카풀제 절대 반대합니다,18.10.30,28명
932,난 노동부에서 인정하는 정규직이라고 합니다.,18.10.30,2명
933,일자리 상황판 좀 치워요.,18.10.30,9명
934,숙박업소 최저임금  해결해주세요,18.10.30,2명
935,IBK기업은행 비정규직 정규직 전환 과정의 불공정성 청원,18.10.30,12명
936,시청 기간제 벤츠 많은재산 연금과다자 채용 금지해 주세요,18.10.30,2명
937,주52시간 미만근무(어려운경제에 노동자는 더 많은 돈을 벌고자 일합니다.) 다시 재고해 주시기 바랍니다.,18.10.30,17명
938,청년 및 퇴직자 일자리 창출을 위한 제안,18.10.30,3명
939,IBK 국책은행 기업은행 진실!!!!!!,18.10.30,6명
940,일차리 창출을 위해 법인세 인하를 한시적으로 요청합니다.,18.10.30,1명
941,존경하는문재인대통령님께,18.10.30,1명
942,중개보조원 제도를 폐지해주세요,18.10.30,26명
943,관공서 임시직 경력자 채용의 문제점(경력자를 뽑지 말고 교육시켜 근무토록 채용 요구),18.10.30,2명
944,관공서 임시직 경력자 채용의 문제점(경력자를 뽑지 말고 교육시켜 근무토록 채용 요구),18.10.30,2명
945,맨**와 같은 용역파견업체들의 횡포를 막아주십시오!,18.10.30,1명
946,우리나라 경제발전의 최고 걸림돌을 이야기 하고자 합니다,18.10.30,5명
947,경제 폭망하고 있는데 책임은 누가지나???대통령님인가 ?장하성인가?,18.10.30,43명
948,노가다꾼이 일이없다,18.10.30,6명
949,2018 은행권 필기시험 문제점,18.10.30,0명
950,"문 대통령님 고민해결(일자리 창출,한가지 정책으로)",18.10.30,2명
951,카풀제 반대 합니다,18.10.30,20명
952,"자영업자들, 기업들 그만 죽입시다",18.10.30,11명
953,세계를 선도할 의사 약사 치과의사 100만명 양성해야,18.10.30,2명
954,일본은 약대 입학정원이 1만 3천명 입니다.,18.10.30,5명
955,알바 제한 나이를 만 13세로 낮춰 주세요.,18.10.30,6명
956,최저임금적용불합리하다.,18.10.30,3명
957,"문재인정부 울산 대선공약 제1호 ""조선해양플랜트연구원"" 울산유치 강력히 요청합니다.",18.10.30,256명
958,교대 졸업생 임용절벽 해결책 입니다.,18.10.30,2명
959,연 1만명 규모로   방송대 로스쿨 설치를 청원합니다.,18.10.30,2명
960,"반려동물 2천만시대, 수의대 입학정원 늘려야",18.10.30,4명
961,외국처럼 교사들 방학때 임금 삭감해야,18.10.30,6명
962,교사도 1호봉부터 시작해야,18.10.30,6명
963,최저임금 폭등으로 더욱 살기 힘들어졌다.,18.10.30,12명
964,한국의 의사 수가 OECD 꼴지입니다.,18.10.30,5명
965,밑에 공인중개사 시험을 더 어렵게 내야 한다구요? 3개월만에 합격하는 시험?,18.10.30,70명
966,한달에 1억 벌기는 문제도 아니라는 수의사들,18.10.30,5명
967,"신규간호사 10만명 양성, 의사도 신규로 10만명 양성해야",18.10.30,7명
968,"영양사vs영양교사, 상담사vs상담교사, 간호사vs간호교사",18.10.30,3명
969,공인중개사 자격시험  문제 많습니다,18.10.30,26명
970,교사호봉은 왜 9호봉부터 시작하나요?,18.10.30,7명
971,100만원 짜리 주사,18.10.30,13명
972,카풀을 반대 합니다.,18.10.30,13명
973,태극기 부대가 희망입니다.,18.10.30,21명
974,"약대입학정원 일본 13,000명 VS 한국 1,600명",18.10.30,2명
975,약대 입학정원을 연 5천명 수준으로,18.10.30,2명
976,공인중개사 시험어렵게내야합니다 혹은상대평가시급합니다7,18.10.30,23명
977,경제는 아예 손 놨어요?,18.10.30,50명
978,장하성실장 교체가 하루빨리 이루어져야 합니다.,18.10.30,15명
979,아동학대 욕하지만 말고 근무환경 만들어 주세요.,18.10.30,50명
980,"일자리가    문제가    아니라 ,    나라가    망하겠구만.     순식간에ᆢ.",18.10.30,32명
981,대통령님 제발 주 52시간 근무 선택근무할수있게해주십시오,18.10.30,15명
982,29회 공인중개사 시험에 대하여,18.10.30,154명
983,일용직 야간택배물류센터의 업체의 갑질과 근무환경에 대해 호소합니다.,18.10.30,12명
984,공인중개사응시자들 잡지말고 불법 일삼는 협회와 업자를 잡으세요,18.10.30,45명
985,제발 문재인은 국민청원 좀봐라 .청와대 간신배 말만 듣지말고 온국민들은 분노한다.,18.10.29,55명
986,불법체류자 다보내 주세요,18.10.29,21명
987,청라국제도시 외국인 전용 카지노 새프로젝트 정부수입,18.10.29,1명
988,택배기사에게 힘이 되어주시면 감사하겠습니다,18.10.29,5명
989,과한 최저임금 인상을 멈춰주세요,18.10.29,13명
990,대통령은 각성하고 임종석이 사퇴해야 합니다,18.10.29,64명
991,제29회 공인중개사시험 재검토해 주세요,18.10.29,80명
992,일자리 창출에 대한 견해,18.10.29,2명
993,일자리,18.10.29,1명
994,최소 3년이상 경력자에 한해 공무원 임용으로 일자리문제 해결,18.10.29,2명
995,태극기    집회에    참석합시다.    소용도    없는    청원   그만하고!,18.10.29,32명
996,아!   외국인이고    싶다!      한국가면   떼돈    번다는데!,18.10.29,7명
997,승무원채용시 암묵적인 키 제한 없애야 합니다.,18.10.29,143명
998,0.3%의 주식 거래세 인하를 청원합니다.,18.10.29,30명
999,불체자 및 고용주 엄벌,18.10.29,13명
1000,이륜차 보험 및 배달대행 그리고 자영업 치킨집 그외,18.10.29,1명
1001,자본주의 탄압을 중단해주세요,18.10.29,14명
1002,서민 경제 되살릴 특단의 조치,18.10.29,7명
1003,연차사용촉진제도 악용,18.10.29,13명
1004,경제 살리기에 나서 주십시요.,18.10.29,32명
1005,아 ᆢᆞ!    최순실이    그립다!,18.10.29,21명
1006,경제회복을 위한 방안,18.10.29,16명
1007,간호사분들의 생명을 소중이 생각해주세요,18.10.29,17명
1008,연중무휴 대형할인매장 근로자의 처우 개선이 절실합니다,18.10.29,1명
1009,"문재인님 취업난해결하신다고했잖아요, .",18.10.29,14명
1010,"대통령 정책의 (잠재,간접)피해자들과 미팅하라",18.10.29,11명
1011,54조원 쏟아부은 결과가 일자리 5천개....,18.10.29,21명
1012,나라 경제를 망친 문재인은 당장 사죄하라!!,18.10.29,31명
1013,역사상 경제에 관한한 가장 무능한 것 같다,18.10.29,40명
1014,주식시장 살려내라. 경제도 살려내고~~~,18.10.29,28명
1015,실직을 해도 혜택을 받을수 없는 고용보험에 왜 가입해야 되는지 묻고 싶습니다.,18.10.29,0명
1016,임금체불 근로자의 고통을 위해 소액체당금의 법원절차를 없애주세요.,18.10.29,11명
1017,직장 동료에 의한 외상후 스트레스 장애에 대한 산재처리,18.10.29,1명
1018,"일본,단속요원1인당60명.    한국,1인당   약2,000명(불법취업포함).""불체자   강력단속?""    쇼!    쇼!    쑈?",18.10.29,6명
1019,공인중개사 재시험 청원 글을 읽고...,18.10.29,71명
1020,공인중개사 상대평가제도 빨리시행되야합니다,18.10.29,30명
1021,평택단석산업에서 5~6월에 일한 30명 근로자 임금 채불 해결해 주세요,18.10.29,11명
1022,고용노동법 및 근로기준법과 사법경찰관(고용부)근무수칙 개정요구,18.10.29,4명
1023,국민여러분    청원은    어리석은    짓입니다!     희망이    없는    정권입니다!,18.10.29,6명
1024,서울 다산콜센터 공무원들 전원해고 시키세요. 노량진에 있는 젊은이들 불쌍하지도 않나요?,18.10.29,5명
1025,하나은행 불공정 채용,18.10.29,9명
1026,중소·중견기업 피 말리는 청년실업 유발자 ‘잡플래닛’,18.10.29,4명
1027,카카오 카풀반대,18.10.29,81명
1028,이게 나라냐  대한민국 정부인지 김정은의 정부인지 알수가없습니다.,18.10.29,24명
1029,이번 공인중개사 시험의 본질적인 문제를 아직 잘 모르시고 실력이 부족해서 혹은 열심히 안해서 떨어진거다 라고 하신분들께 한말씀 드립니다.,18.10.29,124명
1030,공인중개사 - 부정 공인중개사 강력 단속  요청합니다.,18.10.29,36명
1031,심재철의윈님!안양동안구친인척정규직전환비리조사해주세요,18.10.29,4명
1032,현장 불법.취업 체류자 .도대체  언제까지 계도만하나요?,18.10.29,13명
1033,공무원채용비리.대기업채용비리.전관예우.청산하라,18.10.29,5명
1034,29회 공인중개사 시험의 문제점,18.10.29,200명
1035,제발쫌!! 탁상행정 그만 해주시길!! 학교경비원 대체근무 직교용 말이됩니까?,18.10.29,1명
1036,노조공화국,18.10.29,12명
1037,공인중개사 시험이 실업자를 늘리네요,18.10.29,68명
1038,"불체자+불법취업자=100만+외노자200,     우리는    이제    살길이    없습니다.     국민의     최소한의     생존권마저     지켜주지않는     정부,     ""폭동!""이     답입니다.",18.10.29,10명
1039,경제에이즈 정책은 폐기하시기 바랍니다.,18.10.29,1명
1040,대통령님? 일자리 100만개가 보입니다.,18.10.29,5명
1041,"일본과    비교했을때,    현재의    실업문제는     100%    무분별한     외노자    유입이      그      원인입니다.",18.10.29,9명
1042,공기업 특권 반칙 부정 고용세습 국회의 전수조사 청원,18.10.29,7명
1043,회사내 비리인사 추방위한 청렴위원회 결성,18.10.29,3명
1044,"기업들, 자영업자들 휘청거리고 있어요. 살려주세요",18.10.29,3명
1045,나라 살려라~~~서민들 힘들다,18.10.29,17명
1046,자동차 산업도 휘청거린다. 최저임금 다시 정해라,18.10.29,6명
1047,티웨이항공 채용비리,18.10.29,6명
1048,문정부 서민가장 먹고 살기 너무 힘들어,18.10.29,24명
1049,기존 공인중개사들 재시험 요청바랍니다,18.10.29,131명
1050,돈많은 정부 택시면허까지 사고 월급제 미친거아냐,18.10.29,6명
1051,29회 공인중개사시험 형평성문제,18.10.29,101명
1052,건설 노동력의 현실로 인한 1차산업 붕괴를 알리고자 합니다,18.10.29,8명
1053,북한보다 남한의 경제 살리기에 집중하여 주십시요.,18.10.29,34명
1054,"우리는    경기도지사    이재명을    지지한다.    ""도내     건설현장    불법외국인    취업      철저차단!""   정부도    이를    따라라!",18.10.29,21명
1055,제29회 공인중개사 시험 문제점,18.10.29,142명
1056,29회 공인중개사 시험에 관한 관련자및 공인중개사협회 비리조사,18.10.29,228명
1057,제29회 공인중개사시험에 대한 현명한 답변을 내놓으십시오,18.10.29,483명
1058,모든 공공기관의 지난 10년간 채용 비리를 전수조사해주십시오!,18.10.29,20명
1059,"저는 부끄럽지 않은 유치원 교사입니다.  저희들의 생존권, 뺏지 말아주세요!!",18.10.29,17명
1060,5인 미만 회사는 직원을 마음대로 해고해도 되나요?,18.10.29,7명
1061,대통령님 & 국무총리님 일자리좀 구해주세요,18.10.28,13명
1062,주5일근무 52시간의 현실,18.10.28,6명
1063,청년세대 여러분의 삶을 어렵게 마드는 방해세력은?,18.10.28,5명
1064,공인중개사 재시험 요청합니다.,18.10.28,122명
1065,제조업도 40:1경쟁비율이다.,18.10.28,1명
1066,자동차업계의 정신나간 행태 돕지마라!,18.10.28,16명
1067,지식서비스부문 일자리 창출,18.10.28,0명
1068,일자리창출건 및 불법체류자단속건,18.10.28,15명
1069,일자리는 많습니다,18.10.28,6명
1070,불체자단속권을경찰에게로!!!,18.10.28,17명
1071,내수경기,18.10.28,5명
1072,우리나라 일자리 엄청 많습니다.,18.10.28,7명
1073,지난국감이후에 서울교통공사 취업비리는 쏙들어갔네요???,18.10.28,8명
1074,나이든 어르신들 일자리 창출 아이디어 제출,18.10.28,1명
1075,대한민국 국민이 먼저다,18.10.28,30명
1076,택배 건당 비용 올려주세요,18.10.28,2명
1077,대한민국의 서민을 괴롭히는 각종 카르텔 좀 없애주세요,18.10.28,3명
1078,밑에 글보니까 29회 공인중개사 재시험 청원이 말이 안된다구요? 말이 되는 이유를 알려드리겠습니다.,18.10.28,398명
1079,간호사 증워,18.10.28,8명
1080,"여성 일자리 해법은?  대한민국의 미래산업 - 복지산업(어려운 사람이 생기지 않는 신 복지 패러다임 교육사업),전 국민 실업문제, 복지문제를 근원적으로 해결하는 신 패러다임 창조경제 성공모델 만들기",18.10.28,0명
1081,제29회 공인중개사 재시험 청원 말도안됩니다!!!,18.10.28,46명
1082,"부당,부당한  소급법령! 적폐청산하여 백성 재산과 피나는 일자리 지켜주세요",18.10.28,2명
1083,카플반대합니다.,18.10.28,63명
1084,문정권은 세상에  없는  경제정책을  쓰고  있다.,18.10.28,24명
1085,잔치국수에 멸치육수가 빠졌어요,18.10.28,3명
1086,■백만청년은 잘못이없다 시험에떨어진게아니다 고용세습 세력들에게 약탈 즉 빼앗긴것이다 고용세습세력들을 철저 하게보호하고 제일큰처벌이 집행유예라면 이게나라냐 이들이 고용세습세력과 유착관계 친인척 공범이라면 백만청년 여러분 더이상 헛고생은 하지마시고 횃불을들고 광장으로 모여 국민들께호소하고 고용세습세력들을 밝혀여내는게 제일우선 입니다 아니면 세상은 변하지않고 백만청년의 헛고생은 끝나지 않습니다 지금당장 한걸음 이라도 움직이십시요,18.10.28,9명
1087,52시간 근무제,18.10.28,12명
1088,정말 이러다 전부 망합니다,18.10.28,28명
1089,NCS  이수자 평가 폐지 요구합니다.,18.10.28,7명
1090,공인중개사 시험 난이도,18.10.28,117명
1091,제29회 공인중개사 시험 난이도와 형평성에 맞는 대책을 세워주세요.,18.10.28,"1,210명"
1092,공공화장실 유로화,18.10.28,0명
1093,공인중개사 시험 난이도,18.10.28,63명
1094,어떻게 할까요?,18.10.28,2명
1095,체인하향시키고 인간전사 상향시켜주세요.,18.10.28,1명
1096,정부공공기관의2중적 횡포,18.10.28,5명
1097,경기도 학교무기계약직 다시 뽑아주세요,18.10.28,3명
1098,외국인 근로자 때문에 일이 없어요,18.10.28,18명
1099,일자리 예산 수십조를 무직자에게 직접 지급요청,18.10.28,3명
1100,어려운    사람들의    일자리를    외국인들에게    점령당했습니다.    이럴수는   없습니다!     이건    나라가     아닙니다.       국민여러분!      누구라도    동참    해     주십시오!     너무나   절박합니다!,18.10.28,17명
1101,우리는 비정규직이지만 그래도 우리는 사람입니다.,18.10.28,8명
1102,52시간 정책에 따른 기업의 비정상적인 꼼수를 막아주세요,18.10.28,5명
1103,공인중개사 시험 재시험 요구 및 관련법규 개정사항에 대해서,18.10.28,180명
1104,노동,18.10.28,4명
1105,"공인중개사 시험....판사님 뽑는 사법고시 시험인가요...,  국토부 고위공무원 뽑는 행정고시 시험인가요...금번 시험 출제 책임자는 해명과 이에 대한 책임을 지시고 향후 대책을 발표해주세요.....!",18.10.28,235명
1106,대한민국 탐정법 제도,18.10.28,1명
1107,어제 시행한 공인중개사 29회 시험 강력히 이의제기 합니다.,18.10.28,278명
1108,대한민국 최후의 버팀묵 일자리 건설산업,18.10.28,16명
1109,장애인 써야 하는 공공기관이 친인척 채용에만 혈안이다 맞다면 장애인 고용부담금 더 물킵시다,18.10.28,8명
1110,29회 공인중개사 시험 억울합니다.,18.10.28,220명
1111,홈플러스 실시간검색/뉴스,18.10.28,5명
1112,경기고속 갑질면접 그만하게하세요,18.10.28,2명
1113,"*불법체류자    천국*     일본:단속반   1인     약   60명,       한국: 단속반    1인     약2,000명(불법취업자  포함) ,    정부,     불체자    단속     및      자국민     일자리     보호의지      없슴!",18.10.28,20명
1114,이전 정부보다 못한 최저임금 근로자들의 우려가 현실로 되었습니다.최저임금 올려놓고 이전의 정부보다 더 적은 월급수령금및 후진복지가 지금 현실로 다가오고 있다.,18.10.28,18명
1115,미용대학 졸업 후 미용실 취업하게 해주세요,18.10.28,2명
1116,일자리에 대한 장기적인 관점에서의 정책 제안,18.10.28,3명
1117,불법체류자 단속좀 해주세요,18.10.28,27명
1118,어쩌다 이나라가 국민보다는 외노자를 위한 나라가 되었나요,18.10.28,29명
1119,군입대시의 이점을 주세요,18.10.28,3명
1120,대한민국이 위헝하다!,18.10.28,7명
1121,현대차부진 예상된것 아닌가? 돕지마라!,18.10.28,4명
1122,학원강사는 근로자입니다. 여러가지 제도 변화가 필요합니다.,18.10.28,4명
1123,공인중개사시험 상대평가로 바꿔주세요!! 재시험같은소리하지들마시고,18.10.28,62명
1124,공익제보자 공무원 특별채용 어떤가요?,18.10.28,8명
1125,사대보험 관련,18.10.27,1명
1126,■백만청년은 잘못이없다 시험에떨어진게아니다 고용세습 세력들에게 약탈 즉 빼앗긴것이다 고용세습세력들을 철저 하게보호하고 제일큰처벌이 집행유예라면 이게나라냐 이들이 고용세습세력과 유착관계 친인척 공범이라면 백만청년 여러분 더이상 헛고생은 하지마시고 횃불을들고 광장으로 모여 국민들께호소하고 고용세습세력들을 밝혀여내는게 제일우선 입니다 아니면 세상은 변하지않고 백만청년의 헛고생은 끝나지 않습니다 지금당장 한걸음 이라도 움직이십시요,18.10.27,3명
1127,발달장애 아동들도 취업에서의 차별을 받지않게해주세요,18.10.27,22명
1128,바** **** 비정규직 (아웃소싱직원 차별시정),18.10.27,2명
1129,캠프 험프리스에서 근로복지공단 산업재해 요양기간에 두차례  해고,18.10.27,0명
1130,현장실습에 대한제도에서 실습생들에게 돈을 달라,18.10.27,1명
1131,불법운송영업,18.10.27,30명
1132,공인중개사 시험 재시험 당장 검토해주세요,18.10.27,"11,165명"
1133,택시파업 및 카풀에대한 저의 생각입니다.,18.10.27,7명
1134,일자리 창출및 청년임대주택,18.10.27,1명
1135,공병때매머리아파죽겠습니다.,18.10.27,2명
1136,정규직은 언제?,18.10.27,4명
1137,대통령님 눈물로 쫒겨나는 구청노동자들을 도와주세요.,18.10.27,4명
1138,중국인.조선족.불체자.진짜 너무하네,18.10.27,20명
1139,채용비리 법 강화! 취준생들 얼마나 더 좌절해야합니까?,18.10.27,8명
1140,청년 시민 장애인 들에게 일자리좀 회복시켜주세요!,18.10.27,4명
1141,불씨를 던져놓고 불구경만 하는 문재인 정부.,18.10.27,12명
1142,공기업 및 공공기관 채용 필기시험과 면접시험 장소를 공정하게 정해주세요.,18.10.27,4명
1143,"일본,   단속요원   1인당     불체자    약70명!      대한민국,     단속요원     1인당     약   1,400명!",18.10.27,9명
1144,"그런 일자리 NO!,  이런 일자리 OK!",18.10.27,6명
1145,기립형저혈압 심장수축 기능저하증,18.10.27,3명
1146,제발 불체자 관광비자좀 내보내자,18.10.27,10명
1147,"노동자가 부당해고로 1차피해, 2차/3차/4차 피해를 당하고 있으니 청와대가 조치해 주세요!",18.10.27,2명
1148,일자리 늘리려면 건설현장 근로시간 단속좀 해주세요,18.10.27,10명
1149,고질적인 임금체불에 대해서 강력한 법 적용을 요구합니다.,18.10.27,9명
1150,국내 거주 전문대졸  유학생에게 조기 구직활동 허가 - 2016GKS,18.10.27,15명
1151,일주일에    한시간만    일해도    취업이랍니다!     이     정부가     지금     미쳐돌아갑니다!,18.10.27,10명
1152,"내수시장    위축,    저임금    고착화,    일자리    잠식,     사회불안     가중,     양극화     심화등     더이상의     외노자는     안됩니다!",18.10.27,9명
1153,삼성 계약직 계약기간 만료전 드리는 청원,18.10.27,2명
1154,취업비리 지옥의카지노 강원랜드를 폐쇄바랍니다,18.10.27,3명
1155,불법체류자 추방해 주세요,18.10.27,18명
1156,앞으로 계속 일자리는 줄어듭니다~ 이제 판을 바꿀때 됐습니다~,18.10.27,9명
1157,내년 26조 투입을 단기성일자리 보다는 청년내일채움공제 금액 및 인원 확대에 쓰셨으면 좋겠습니다.,18.10.27,5명
1158,*** ***** 드라이버의 눈물의 호소문,18.10.27,45명
1159,불법외국 노동자들 강력하게 단속하여 추방시켜 주세요,18.10.27,15명
1160,쇼미더머니777 본선에서 떨어진 EK좀 다시 살려주세요,18.10.27,14명
1161,경기택시를 서울에서 타면 안되는가요??,18.10.27,1명
1162,다이소 현장지원  지겹습니다,18.10.26,26명
1163,채용비리 법집행강화해라!!,18.10.26,9명
1164,대통령님 !!!! 일자리 늘리면 뭐 합니까,18.10.26,18명
1165,취업율 올리려는 꼼수 단기공공일자리 그만하고 제대로된 일자리를 만들어라,18.10.26,19명
1166,"거대자본과    유착된     보수,     민노총등    인권세력과    유착된    진보.     ""절대    외국인의     일자리    잠식을    말하지    않는      대한민국"".",18.10.26,9명
1167,공기업 채용비리 신속히 조사 공개하라,18.10.26,10명
1168,kbs갑질,18.10.26,21명
1169,중국짱개들 3개월5년왕복 여행비자당장 취소해라,18.10.26,21명
1170,집행유예...솜방망이 처벌 ???,18.10.26,6명
1171,시선제 공무원들의 요구사항에 관하여,18.10.26,1명
1172,불법체류자 단속좀 해주세요,18.10.26,16명
1173,불법 외국인 노동자를 단속하여 주세요,18.10.26,25명
1174,카카오 카풀 반대합니다.,18.10.26,254명
1175,공기업 입찰 관련,18.10.26,306명
1176,일자리 늘리기에 공무원은 좀 참아주세요,18.10.26,51명
1177,카카오 T 카풀앱 반대합니다.,18.10.26,81명
1178,경제를 살리는 방법  (꼭 검토 해 주시길),18.10.26,9명
1179,일자리 정책,18.10.26,5명
1180,한국기업 다 죽게생겼네요,18.10.26,32명
1181,경제가 망해가는데 이게 나라입니까,18.10.26,42명
1182,Cj대한통운 파주 박** 소장때문에 돈을 못받고 있습니다,18.10.26,7명
1183,경제  정말 이대로 두시려는겁니까?,18.10.26,25명
1184,국방과학연구소 무기계약직 실태,18.10.26,107명
1185,카풀 반대,18.10.26,29명
1186,대책대란방법은하나책에길이있다.,18.10.26,0명
1187,다산신도시,18.10.26,0명
1188,■고용세습 원조 손녀채용 국민은행회장 극진하게 보호하는 숨은그림자 일반서민 조금만잘못해도처벌하는데 이시대 최고사악한 청년일자리 약탈주범원조를 일자리정부를 자처 하는 현정부에서 이렇게까지 보호하는 이유 아시는분없나요 도대체 그가 누굴까요 아시는분 공개좀해주세요,18.10.26,6명
1189,"인권위,에어컨43%,  실내화장실  39%없는    이주노동자    주거,   적극    개선    노력.    ""자국민은    일자리도     없구만!""",18.10.26,10명
1190,비정규직 파견직등 2년이 아니라 계속 일할 수 있게 해주세요.,18.10.26,7명
1191,증시폭락,18.10.26,32명
1192,대한민국의 심리상담전문가는 쓰다가 버리는 쓰레기가 아닙니다.,18.10.26,254명
1193,채용비리,18.10.26,14명
1194,세이브존의 판매자 착취 행위를 제발 멈춰주세요,18.10.26,354명
1195,현대자동차 그룹 '현대 모비스' 불법 2차 사내하도급 정규직화 해야한다!,18.10.26,13명
1196,청년일자리  도둑질로  강탈하여  가족. 친.인척  부정채용한   서울교통공사사장. 공기업체사장 파면 구속을 청원합니다,18.10.26,16명
1197,비정규직에서 정규직 과연 정당한 것인가요 ?,18.10.26,10명
1198,사람이 먼저다.,18.10.26,6명
1199,"강제 야근시키는 회사, 최저도 안주는 회사 처벌 해 주십시오",18.10.26,5명
1200,시급 3만원으로 인상 시켜 주세요!!,18.10.26,0명
1201,IBK 국책은행 기업은행 진실!!!!!!!!,18.10.26,4명
1202,"김영란법, 최저시급, 52시간  3연타로 자영업 멸망",18.10.26,10명
1203,나라부터 살립시다,18.10.26,13명
1204,주휴수당 제도를 폐지해주십시오.,18.10.26,83명
1205,최저임금 국회에서 다시 정해라. 경제가 휘청댄다. 현대자동차도 흔들리기 시작한다,18.10.26,14명
1206,회식의 근무시간 합산여부 판단을 부탁드립니다.,18.10.26,0명
1207,카풀반대,18.10.26,11명
1208,비정규직의 정규직전환,18.10.26,4명
1209,법인택시의 어려움,18.10.26,3명
1210,교촌치킨6촌갑질 처벌 꼭해주세요,18.10.26,36명
1211,노예계약의피해자입니다,18.10.26,36명
1212,매번...헐뜯기만..방송..이슈몰이,18.10.26,2명
1213,(카카오) 카풀제도 반대합니다.,18.10.26,39명
1214,공포의 코스닥,18.10.25,5명
1215,카풀반대,18.10.25,11명
1216,정규지,18.10.25,1명
1217,비리근절,18.10.25,3명
1218,지역인재 제도는 역차별 제도,18.10.25,9명
1219,일자리 회복시켜주세요!,18.10.25,3명
1220,청년취업성공패키지 폐지를 요청합니다.,18.10.25,2명
1221,사립유치원 교사들을 실직자로 몰고 가는 당신들 모두 공범자들입니다!,18.10.25,13명
1222,불법체류자 출입국사무소로 꼭 신고합시다,18.10.25,15명
1223,간호조무사 780시간 실습,18.10.25,9명
1224,사립유치원비리제재로인한피해,18.10.25,94명
1225,일자리 한달이면 해결됩니다,18.10.25,2명
1226,엄혹한 취준현실 고용세습 엄벌못하면 정부아니다.,18.10.25,4명
1227,경비원 집단 해고 유정기 갑질 막아주세요~,18.10.25,7명
1228,공기업 불법취업 발본색원 취준행 희망 꺽지말라....,18.10.25,14명
1229,경비원 집단 해고 유정기 막아주세요~,18.10.25,5명
1230,정부 눈치만 보는 공사들,18.10.25,2명
1231,카풀태시,18.10.25,19명
1232,선량한 청년 취준생 절망의 불구덩에 쳐넣은 공기업 취업비리.,18.10.25,6명
1233,카풀반대,18.10.25,51명
1234,●고용세습세력들이약탈한 일자리는 백만청년의 꿈 인생 이다 국가가 전수조사 처벌 입법 피해자 구제를 하지않는다면 백만 청년들이 횃불을 들고 광화문으로모여 피맺힌 절규로 국민들 에게 호소해야합니다 우리는지금 양반 과 천민 사회로 돌아가고 있습니다 매관매직이 횡횡한 5백전의 미개한 봉건 사회로 돌아 가고있습니다 젊은이들의 피끓는 억울함과 분노를 문대통령 조차 모른척하고있 습니다 ●청원합니다 피끐는 백만청년의 심장으로 1번 국가차원 전수조사 공기업 은행 권력기관 검찰 사법부 금융감독원 연결고리 친인척 전부조사해야합니다 과거 관행 단어언급하는놈조차 극형에 처해야합니다 이번만큼은 명명 팩백 사실을 밝히고 차후에 처리를 논하는게순서입니다 2 번 관련자 처벌등 사후처리는 각계각층 논의를거쳐 해야 합니다 3 번 재발방지대책을 철저하게 세워야합니다 반드시 입법 4 번 피해자 구제대책을 세워야합니다 백만 억울한 청년여러분들 고용세습세력들이 적당히 넘어가려 한다면 이제는 촛불아닌 횃불을 들고 광화문으로 모입시다,18.10.25,22명
1235,단기일자리말고 제대로 된 일자리를 만들어라 이 한심한 문정권아,18.10.25,16명
1236,부분적인    또는     지엽적인     사건사고로     국민의    힘을     낭비해선   안됩니다.    어느한곳      희망이      없는     나라입니다.     너무     썩었습니다.,18.10.25,2명
1237,진짜 진짜로 일하고싶어서 면접을 보았는데요~ 경력또는 사람비교로 뽑아주신분들이 있던데요~ 저는 오래동안 일하고싶어요;;;,18.10.25,2명
1238,문정권이    퇴임하는    순간    최악의    양극화를     예상됩니다.,18.10.25,9명
1239,진보    보수     할것없이     타락하고    부패한    대한민국!     완전히     뒤엎어야     합니다!,18.10.25,8명
1240,실패한    대통령!     문제인.,18.10.25,15명
1241,자기용 유상 운송 카풀 반대합니다,18.10.25,40명
1242,카풀반대,18.10.25,14명
1243,■고용세습교주 손녀채용 국민은행회장 극진하게 보호하는 숨은그림자를 찾아라 그는 누구일까 ?,18.10.25,8명
1244,■고용세습교주 손녀채용 국민은행회장 자신은 회장년봉15억 은행장 겸임할때 은행장년봉 5억합쳐 수십억 챙기면서 하청용역 업체직원들 임금을 20십만원 30만원씩 깍았다 이런악마같은자 또있을까,18.10.25,2명
1245,●박원순 서울교통공사 고용세습 알았지만 지시하지않았다 암묵적범죄 박근혜 같은형량 24년형 구속하라,18.10.25,15명
1246,"""각하!""    나     각하한테    월급주는    국민입니다!",18.10.25,8명
1247,화물차넘버허가제폐지신고제로,18.10.25,10명
1248,새만금을 동북아 농업허브로 만들어 주세요,18.10.25,3명
1249,카풀반대,18.10.25,24명
1250,민생경재좀 살려주세요,18.10.25,3명
1251,카풀반대합니다.,18.10.25,139명
1252,다자녀 키우는 맘들에게 단시간근로 일자리만들어 주세요.,18.10.25,5명
1253,이 땅 위에 죽어가는 근로자들을 돌봐 주십시오. 최저임금 조차 받지 못하며 밤새 노동하는 사람이 적지 않습니다. 내 집 마련도 하기가 힘든 세상입니다,18.10.25,11명
1254,한국지엠 법인분리를 막아 주십시오,18.10.25,54명
1255,안녕하세요 저는 20대 청년 입니다. 아직도 넘쳐나는 양심 없는 회사들에 근로 조건에 불합당한 실상 최저임금도 받지 못하는 임금 체계에 대해 건의드립니다.,18.10.25,7명
1256,불법 체류자에 대한 강력한 단속 및 신고 시 포상금을 지급하는 제도 도입하여 주세요,18.10.25,17명
1257,카카오 의 전횡을막아주세요,18.10.25,20명
1258,공공기관 지방이전으로 국토의 균형발전을이루워주세요,18.10.25,6명
1259,세계를 선도할 의사 약사 치과의사 100만명 양성해야,18.10.25,3명
1260,신약 개발 기업들 승인만 빨리 내주어도 고용창출 된다,18.10.25,2명
1261,"신규간호사 10만명 양성, 의사도 신규로 10만명 양성해야",18.10.25,10명
1262,부산항운노동조합 및 신항 채용비리 조사부탁드립니다,18.10.25,5명
1263,교사호봉은 왜 9호봉부터 시작하나요?,18.10.25,8명
1264,농협자산관리_비정규직 책임전가와 퇴직금 미지급. 제 퇴직금 좀 받게해주세요,18.10.25,8명
1265,주 52시간제  폐지를  강력히  요청합니다,18.10.25,32명
1266,실업급여 문제 해결방안 드립니다.,18.10.25,7명
1267,공무직 전환 과연 옳은 정책이었을까요. 재고가 필요하다고 생각합니다.,18.10.25,6명
1268,"공공알바 59,000명을 정규직으로 채용 해 주세요",18.10.25,1명
1269,타하루시가 발생되면 죽창문화가 부활 할 수 있습니다.,18.10.25,3명
1270,건물주인의 무분별한 갑질에서 벗어나게해주세요..,18.10.25,10명
1271,서울교통공사비리에대하여.......,18.10.25,28명
1272,카카오 카풀 산업생태계파괴,18.10.25,21명
1273,개성공단 재가동 절대금지 요청 드립니다.,18.10.25,19명
1274,오늘 증시 보셨습니까?,18.10.25,22명
1275,강성노조 때문에 나라가 망한다. 이게 나라냐,18.10.25,34명
1276,현대차 신사옥 규제 허용해주세요,18.10.25,3명
1277,청년추가고용장려금 있으나마나 입니다.,18.10.25,3명
1278,문화예술교육사 활성화 및 문화예술관련 일자리 창출을 위해 문화예술교육사 의무배치의 제제 사항을 만들어주십시요!,18.10.25,157명
1279,정부는     외국인을    위한     일자리    정부인가?      대답하라!,18.10.25,25명
1280,해외로  떠나간 우리 기업들 좀 부르세요,18.10.25,10명
1281,하도급갑질 기업 공정위가 방치해서 흐지부지되고있습니다 처벌 분명히 해주세요,18.10.25,3명
1282,"거꾸로    가는    대한민국!     난민,     불체자,     외노자     천국!",18.10.25,25명
1283,"인력   부족으로   끌어들인    ""외노자!""    실업자가    넘쳐난다!     ""자국민이     우선이다!""",18.10.25,17명
1284,장애인일자리,18.10.25,3명
1285,"전등 끄기 알바 59,000명 ?",18.10.25,18명
1286,어려운 숙제 제쳐두고… '선심 카드' 만 푸는 정부,18.10.25,11명
1287,일자리    또는     양극화의    주범     외노자를     추방하라!,18.10.25,18명
1288,나라부터 구하자,18.10.25,17명
1289,홈플러스 보안인력 축소 1500명 전원 계약해지 통보,18.10.25,126명
1290,정부도 소득주도성장에 보탬하시길,18.10.25,9명
1291,일자리,18.10.25,6명
1292,일자리 창출 및 지역경제 활성화 대안,18.10.25,1명
1293,일자리 창출 및 지역경제 활성화 대안,18.10.25,0명
1294,임시직 일자리,18.10.25,1명
1295,문재인 대통령께 드리는 짧은글,18.10.25,19명
1296,토익점수 유효기간!!!토익영어시험 점수의 유효기간을 재고해 주시기 바랍니다.,18.10.25,6명
1297,택시기사의 시급이 최저시급도 되지않는 국가,18.10.25,19명
1298,카풀 막아주세요,18.10.25,32명
1299,1억씩 26만명에게 추첨으로 나누어 주시면 안되나요?,18.10.25,8명
1300,50만명의 일자리로 개인택시에 채용하면 공유경제와 4차산업이란 두마리 토끼잡기,18.10.25,8명
1301,중간관리자 세금좀 줄여주세요,18.10.25,7명
1302,"전문직, 서비스직 열정페이와 근무조건 뿌리를 뽑아야합니다",18.10.25,"1,782명"
1303,우리들의 미래를 생각해 주세요,18.10.25,5명
1304,홈플러스 MBK의 만행.....경비원들의 1500여명의 대량해고를 막아 주십시오.,18.10.25,243명
1305,불법체류자 단속해주세요,18.10.25,34명
1306,택배기사의 처우를 개선 해주세요,18.10.24,35명
1307,채용 비리 적폐 청산은 계속되어야 합니다.,18.10.24,26명
1308,백화점 갑질 권력 제발 좀 없애주세요 제발,18.10.24,4명
1309,일자리,18.10.24,4명
1310,지난 10년부터 지금까지 학교에 근무한 기간제교사 중 과거나 현재의 교장교감자녀친지를 조사해서 배제해주세요.,18.10.24,12명
1311,현재 안마사와 스포츠 마사지의 구별을 부탁드립니다,18.10.24,8명
1312,고용세습,18.10.24,8명
1313,알바비를 제때 받을수 있도록 해주세요,18.10.24,14명
1314,공공기관 기간근로자 문제,18.10.24,5명
1315,사회 초년생을 위한 혜택이있었으면 좋겠습니다,18.10.24,12명
1316,"단기 경기부양책 기획한 놈, 관여한 놈 다 짤라주세요",18.10.24,3명
1317,법인택시면허시험제한 규제,18.10.24,6명
1318,아웃소싱이 존재해야 합니까,18.10.24,7명
1319,아마도    미국을   제외하면   전    세계    불체자     1위는    대한민국!,18.10.24,8명
1320,공공일자리 늘리는건 나라 망하는 길입니다. 세금낭비 그만하세요,18.10.24,23명
1321,한부모 가정 선정에 의문이 듭니다,18.10.24,27명
1322,"외국인들   조차   ""엄청나게    외국인이    많네!""라는    대한민국.",18.10.24,16명
1323,●정말로 착한 대한민국 국민들은 탐욕을 요구하지 않는다 예측가능성이 높아지는 사회시스템을 원한다 최소기간 고용 보장제  인턴후정규직 보장제등 더많은 임금만을 요구하지 않는다 그것은 때려잡아야될 귀족노조들의 이야기이다 초소 5년 10년 예측 가능성을높이는 사회시스템을 위한 입법을 정치인들에게바란다,18.10.24,7명
1324,대통령님과 국회의원님들께 비통한 심정으로 올립니다.,18.10.24,6명
1325,외국인노동자 쿼터 축소로 내국인 일자리 창출!,18.10.24,12명
1326,공기관 한시임기제.시간선택임기제 채용,18.10.24,5명
1327,●고용세습교주 손녀채용 국민은행회장 자신은 회장년봉15억 은행장 겸임할때 은행장년봉 5억 수십억 챙기면서 하청용역 업체직원들 임금을 20십만원 30만원씩 깍았다 이런악마같은자 또있을까 고용세습세력들에게 전쟁을 선포하고 모두 촛불을 넘어 횃불을들고 표현하지않는자  영원한 그들의 손아귀에서  벗어나지못할것이다 횃불 백만 광화문으로 이참에 비정규직 단어없애고  최소고용보장 제도 5년제 10년제 를 만들어갑시다 물론4대보험 52시간 준수조건으로 쟁취합시다 인턴후 정규직 보장제도도 조건입니다 백만 청년들이여 패배주의에서 벗어 나자 그들처럼 남의것을 뺏는것이아니라 정당한 내것을 찿는것 이라는것을 명심하자,18.10.24,8명
1328,대한민국 헌법에는 .....,18.10.24,2명
1329,고용해소 ◎정년을 만59세로 낮추어주십시요◎,18.10.24,8명
1330,●고용세습교주 손녀채용 국민은행회장 극진하게 보호하는 숨은그림자를 찾아라 그는 누구일까 ?,18.10.24,6명
1331,국가에서 회사 만들어주세요,18.10.24,2명
1332,농협 비정규직 정규직 전환 해주세요,18.10.24,10명
1333,우리는   트럼프와    같이    자국민을    최우선으로    하는    대통령을    원합니다.,18.10.24,17명
1334,경제팀에 경제학자가 없다는게 말이 됩니까,18.10.24,14명
1335,유치원 파업금지법 만들어 주세요.. 이건 아동학대입니다..,18.10.24,9명
1336,내놓는 정책마다 등신 삽질 정책만 내놓는 무능한 정부,18.10.24,14명
1337,"폭력과테러,  살인과강간   그리고    브렉시트와     자국민    우선정책     및    난민유입    금지와     자국민    일자리    보호!     그러나     대한민국은?",18.10.24,14명
1338,일자리부족 고용쇼크원인에 대하여..,18.10.24,4명
1339,하청업체 단가보장 해주세요,18.10.24,0명
1340,저는 신용불량자입니다.,18.10.24,10명
1341,보수는   자본과    진보는    인권놀음    쟁이들과    결탁하여    성역화된     외노자!     여론화    시켜야    합니다.    국민이    죽습니다!,18.10.24,4명
1342,"청년사업,청년 통장에대해서입니다",18.10.24,1명
1343,폭발적으로    늘어나는   외국인!   사라져    가는    일자리!,18.10.24,32명
1344,일자리 안정자금 지원관련입니다.,18.10.24,1명
1345,백화점 중간관리자 입니다 . 백화점 실태.이대론 안됩니다,18.10.24,16명
1346,부당핵ᆞㄷ,18.10.24,2명
1347,20대에 절반 이상을 일하고 은행에 빚을 내서 시작한 통신업종인대...,18.10.24,7명
1348,직장에서 폭언하거나 고함치는 상사는 처벌하세요,18.10.24,5명
1349,근로계약서를 주지 않고 온갖 횡포를 부리는 용역회사를 처벌해 주세요.,18.10.24,7명
1350,직장갑질문화 없애주세요,18.10.24,12명
1351,보은한화방산 일자리좀 주세요,18.10.24,0명
1352,장애인 행정도우 정규직(무계약직)화로 전환해주세요,18.10.24,4명
1353,홈플러스 경비 노동자 1500명 전원 해고 통보 막아주세요.,18.10.24,"2,812명"
1354,"공공기관, 공기업 채용에 대한 전반적인 전수조사 해주십시오.",18.10.24,17명
1355,감사단체,18.10.24,1명
1356,"양극화의   주범,   외노자    난민     불체자!   인권     타령      할     때가아니다!",18.10.24,17명
1357,경비원 집단 해고 유** 막아주세요~,18.10.24,6명
1358,공공기관 NCS 필기시험을 공개해 주세요.,18.10.24,11명
1359,한국국민들은일거리가없어서놀고있는데 외국인들근로자들은 바쁘게들80%가외국인들입니다,18.10.24,17명
1360,사내커플과 관련된 취업규칙을 바꿔주세요,18.10.24,4명
1361,카플  반대합니다,18.10.24,25명
1362,●청원 고용세습 부패고리  공기업 은행 권력기관 검찰 금융감독원 친인척 등등 연결고리 전수조사 거부하면 청와대에 고용세습세력이 가장 많은걸로 인정한다,18.10.24,11명
1363,정치개혁,18.10.24,5명
1364,장애인취업,18.10.24,6명
1365,"일본,불체자6만에  단속요원  1,000명,   한국   35만에   257명.       쑈!   쑈!    쑈!",18.10.24,15명
1366,카풀재도.도입문제.,18.10.24,5명
1367,국민 농협의 국민 갑질을 고발합니다.,18.10.24,"2,469명"
1368,해양수산부 해사정책 사무관 김**의 갑질,18.10.24,0명
1369,9급도 한국사 시험을 한국사능력검정시험으로 대체해야 합니다.,18.10.24,2명
1370,교사호봉은 왜 9호봉부터 시작하나요?,18.10.24,11명
1371,공기업 지원 평균연봉 1억,18.10.24,10명
1372,"무슬림   난민,  불체자,외노자등을   적극    지지하는    ""민주노총""을     해체하라!",18.10.24,25명
1373,"반려동물 2천만명 시대, 수의대 입학정원 늘려야",18.10.24,2명
1374,일자리도좋지만~,18.10.24,2명
1375,무지한 국고낭비 사업단지 조성은그만,18.10.24,2명
1376,세계를 선도할 의사 약사 치과의사 100만명 양성해야,18.10.24,3명
1377,"영양사vs영양교사, 상담사vs상담교사, 간호사vs간호교사",18.10.24,2명
1378,연금받아서 해외에 돈뿌리고 다니는 퇴직 부부 교사들,18.10.24,35명
1379,"신규간호사 10만명 양성, 의사도 신규로 10만명 양성해야",18.10.24,9명
1380,교사도 1호봉부터 시작해야 합니다.,18.10.24,5명
1381,"약대입학정원 일본 13,000명 VS 한국 1,600명",18.10.24,2명
1382,가족 승계 취업 부정 철저 색출 처벌 요망,18.10.24,3명
1383,"""강원랜드"" 그당시! 왜! 국감조사 못했읍니까?",18.10.24,7명
1384,우이-신설 경전철 근로자가 2개월마다 계약갱신을한대요.,18.10.24,2명
1385,일자리...,18.10.24,2명
1386,이직을 막고있는 갑질 사업주,18.10.24,3명
1387,실업급여 지급 문의,18.10.24,17명
1388,적자공기업 해고도입제를 시행하세요,18.10.24,5명
1389,일자리개선,18.10.24,0명
1390,고양파주 이사업체들  고발,18.10.24,8명
1391,카풀 꼭 해야됩니까?,18.10.24,40명
1392,드러운 공공 귀족노조 적폐들을 모조리 박살내자.,18.10.24,25명
1393,카풀반대합니다,18.10.24,33명
1394,현직 치과기공사입니다. 도와주세요..제발..,18.10.24,24명
1395,불체자 집중단속 한다더니,18.10.24,19명
1396,관광지로 불법취업중인 외국인 노동자들 추방해주세요,18.10.24,16명
1397,강성노조가 청년일자리 다 거덜내고잇습니다,18.10.24,10명
1398,저출산대책보다 기업의 사람존중이우선,18.10.24,1명
1399,"중앙 및 지자체 공공기관, 공기업의 '채용'과 '인사' 근절 대책을 제안합니다",18.10.24,6명
1400,공무원 증원관련,18.10.24,7명
1401,학원도국가자격시험장으로 개정안 부탁드립니다.,18.10.24,1명
1402,*** 대통령의 사위가 대표변호사로 있는 모 법무법인의 행태와 서울지방고용노동청 남부지청의 특혜에 대하여 고발합니다!,18.10.24,15명
1403,민간기업들이 채용 과정에서 가족사항을 요구하는 행위를 막아주세요,18.10.24,5명
1404,교대근무 폐지,18.10.24,5명
1405,ㅇㅇ자동차의 고용세습,18.10.24,5명
1406,파트 타임 로스쿨의 신설을 청원합니다.,18.10.23,3명
1407,기초연구자들을 위한 투자를 늘려주세요,18.10.23,6명
1408,"서울교통공사 취업비리, 강원랜드 취업비리, 유치원비리 외 입시비리 철저히 조사해주세요.",18.10.23,18명
1409,주52시간 폐지 하여 주십시요,18.10.23,10명
1410,취업비리,18.10.23,8명
1411,불법체류,18.10.23,13명
1412,불법 외국인들  추방건,18.10.23,21명
1413,야당의원들의 범죄수준 국가관을 형법으로 처리하라!,18.10.23,5명
1414,"권리금 못받는 주변상인들죄다 폐업한답니다, 소급의무화! !",18.10.23,3명
1415,공기업취업비리 취준청년들 죽이는 짓 국정감사로 엄단해야,18.10.23,9명
1416,국민건강보험공단 조사,18.10.23,5명
1417,검찰과 경찰은 민주노총 친인척 채용비리를 즉각 수사를 청원합니다,18.10.23,19명
1418,술집 공격하는 청소년들을 업주와 동일하게 처벌해야합니다,18.10.23,17명
1419,청년세대 여러분 억울하지 않으세요?,18.10.23,9명
1420,서울교통과산업안전공단,18.10.23,9명
1421,검찰과 경찰은 민주노총 친인척 채용비리를 즉각 수사하라,18.10.23,30명
1422,지자체 정규직 전환과정에서 친인척이 얼마나 포함되었는지 전수조사 바랍니다!,18.10.23,30명
1423,시간선택제채용형 공무원 도입 의미가없습니다... 전일제전환,18.10.23,8명
1424,●고용세습세력들이약탈한 일자리는 백만청년의 꿈 인생 이다 국가가 전수조사 처벌 입법 피해자 구제를 하지않는다면 백만 청년들이 횃불을 들고 광화문으로모여 피맺힌 절규로 국민들 에게  호소해야합니다 우리는지금 양반 과 천민 사회로 돌아가고 있습니다 매관매직이 횡횡한 5백전의  미개한 봉건 사회로 돌아 가고있습니다 젊은이들의 피끓는 억울함과 분노를 문대통령 조차 모른척하고있 습니다  ●청원합니다 피끐는 백만청년의 심장으로 1번 국가차원 전수조사 공기업 은행 권력기관 검찰 사법부 금융감독원 연결고리 친인척 전부조사해야합니다 과거 관행 단어언급하는놈조차 극형에 처해야합니다 이번만큼은 명명 팩백 사실을 밝히고 차후에 처리를 논하는게순서입니다 2 번 관련자 처벌등 사후처리는 각계각층 논의를거쳐  해야 합니다 3 번 재발방지대책을 철저하게 세워야합니다 반드시 입법 4 번 피해자 구제대책을 세워야합니다 백만 억울한 청년여러분들 고용세습세력들이 적당히  넘어가려 한다면 이제는 촛불아닌 횃불을 들고 광화문으로 모입시다,18.10.23,23명
1425,스킨푸드점주님들좀살려주세요,18.10.23,31명
1426,시청.공기업 세습 이제 근절해야 합니다,18.10.23,8명
1427,"구의역 김군을 2번 죽인 고용세습 자행한 민주노총은 대국민 사죄하고,김군 죽음에 원인을 제공한 신모씨를 처벌하라.",18.10.23,3명
1428,카카오택시결사반대,18.10.23,17명
1429,사람을중요하게 생각하는 기업문화,18.10.23,2명
1430,"대통령님, 저희 스킨푸드 좀 꼭! 살려주세요.",18.10.23,127명
1431,이상한인천북부고용복지센터,18.10.23,2명
1432,취직하기 힘들어요 (날 뽑아주고받아주는 직장 없어요),18.10.23,12명
1433,20인미만 중소기업  좀 도와주세요,18.10.23,6명
1434,사행성게임 리니지m,18.10.23,7명
1435,카플,18.10.23,14명
1436,장기화물차운전자의개별화조건완화,18.10.23,5명
1437,카플반대합니다많은동의눌러주세요,18.10.23,30명
1438,뭐하는거에요,18.10.23,7명
1439,지방자치단체 공무원 기관도 같이 전수조사 필요하다고 생각합니다.,18.10.23,12명
1440,"고용,주식,경제의 긴급 특단조치를 바랍니다",18.10.23,4명
1441,"대기업, 공기업 지방이전으로 서울 아파트 투기 근절, 지방 일자리 창출 부탁 드립니다.",18.10.23,8명
1442,"고용,경제  특단의 긴급조치 바랍니다",18.10.23,1명
1443,KSPAD 가좌동으로 옮겨주세요,18.10.23,0명
1444,서민 경제좀  돌봐주세요,18.10.23,23명
1445,새마을금고에 또 강도,18.10.23,4명
1446,채용형 지방직 시간선택제 공무원을 전일제로 전환하라,18.10.23,9명
1447,영업용번호판이요,18.10.23,4명
1448,카카오 불법 자가용영업,18.10.23,14명
1449,파견직 공무원을 채용하여 소상공인을 지원하여 주십시요,18.10.23,2명
1450,채용비리의 진실,18.10.23,8명
1451,산업인력공단에서 실시하는 전기기능사  실기시험 접수를 하게 하여 주세요,18.10.23,4명
1452,비정규직,18.10.23,2명
1453,청년실업 대책 제안 - 청년해외진출,18.10.23,4명
1454,국가경제파탄  문정권,18.10.23,16명
1455,동아운수 사장의 나몰라라 이기적 행위에 대해 ....,18.10.23,0명
1456,"공기업 연봉 1억 ,  이게 나라입니까?",18.10.23,17명
1457,약대 입학정원을 연 5천명으로,18.10.23,2명
1458,"반려동물 2천만명 시대 , 수의대 입학정원 늘려야",18.10.23,3명
1459,스케줄 근무자의 공휴일 일수 보장,18.10.23,0명
1460,"약대입학정원 일본 13,000명 VS 한국 1,600명",18.10.23,2명
1461,국립대학교 기성회직원 취업비리 조사해주세요,18.10.23,9명
1462,청년들의 일자리를 착취한 공공기관의 채용비리행위는 반드시 국정감사를 해야 합니다.,18.10.23,32명
1463,"공무원 인터넷 강의 폭리, 강의 하나가 50만원 , 교재는 5만원 참여인원",18.10.23,2명
1464,세계를 선도할 의사 약사 치과의사 100만명 양성해야,18.10.23,1명
1465,교대 졸업생 임용절벽 해결책 입니다.,18.10.23,1명
1466,외국처럼 교사들 방학때 임금 삭감해야,18.10.23,18명
1467,"신규간호사 10만명 양성, 의사도 신규로 10만명 양성해야",18.10.23,3명
1468,교사도 1호봉부터 시작해야,18.10.23,9명
1469,불법 고용세습자를 원위치로 돌려놓자는 건,18.10.23,8명
1470,"영양사vs영양교사, 상담사vs상담교사, 간호사vs간호교사",18.10.23,3명
1471,단기알바를 뽑을 바에야 실용성있는 창녀를 뽑으세요,18.10.23,1명
1472,공무직도 친인척비리 전수조사가 필요합니다.,18.10.23,21명
1473,불체자 관광비자,18.10.23,12명
1474,정규직 전환 비리 처벌 및 관련차 처벌 꼭 필요합니다.,18.10.23,30명
1475,공공기관 채용비리 및 고용승계 전수조사 대국민 보고 요청드립니더,18.10.23,22명
1476,"전국의 공공시설 BTO, BTL 방식의 정부 또는 시 군단위의 위탁사업 채용비리 및 추천인사제도에 대한 피해 전수조사 부탁드려요",18.10.23,3명
1477,IBK 국책은행 기업은행 비정규직 서러움!!!!!!!,18.10.23,8명
1478,최저임금과 시급 올리지마세요! 시급과 최저임금 오르고나서부터 일자리가없는거같아요.,18.10.23,10명
1479,음식집 배달원 입니다. 조선족 배달원떄문에 ..,18.10.23,8명
1480,모든 사업장 친인척 채용 전수조사 필요,18.10.23,11명
1481,예정된 참사,18.10.23,3명
1482,LH공사를 비롯해서 지역개발공사 건설회사들의 하도급 갑질에 대해서 수사를 촉구합니다.,18.10.23,5명
1483,조선족들 추방해 주세요,18.10.23,23명
1484,통장 거래 불가로  인한 취업 미성사,18.10.23,0명
1485,24시 영업하는 약국 좀 늘려주세요.,18.10.23,6명
1486,울산지역에 일자리가 너무없습니다.,18.10.23,1명
1487,퇴직금 받고싶습니다. 1/10도 안되는 체당금 말구요,18.10.23,4명
1488,고용보험.. 꼭 의무적으로 납입해야하요? 정작 실업자가 된 저는 도움을 못받고있는데..,18.10.23,1명
1489,청년일자리 정책 추진하고 있습니까,18.10.23,1명
1490,장애인 취업 강력히 단속을 해야 합니다,18.10.22,46명
1491,일자리,18.10.22,1명
1492,통장거래 불가능시 취직,18.10.22,2명
1493,국가기관 채용비리만 국정조사할게 아닙니다.,18.10.22,8명
1494,불법취업 불법체류 자양성 시키는 3개월5년왕복여행 비자와 최저임금인상취소해라,18.10.22,7명
1495,공공기관 채용비리의 적나라한 진실!(채용비리 당장 발본색원하라!),18.10.22,19명
1496,문재인 대통령의 뜻에 역행하는 더불어민주당,18.10.22,292명
1497,보안 경호업체 근로자들을 도와주세요,18.10.22,2명
1498,무기계약직,18.10.22,4명
1499,무기계약직,18.10.22,2명
1500,서울교통공사 채용비리 국정감사 요구,18.10.22,25명
1501,채용 부조리 신고사이트 개설을 청원합니다.,18.10.22,8명
1502,조선족 추방해 주세요,18.10.22,14명
1503,공공기관 정규직전환 공약 파기,18.10.22,9명
1504,교통공사 친인척 채용비리,18.10.22,9명
1505,대구(대구시설공단)에 만연한 친인척 채용 조사해주세요. (중앙·지방공공기관 '친인척 특혜채용' 조사해주세요.),18.10.22,7명
1506,어쩔수   없이   불체자를   고용    할수밖에   업체를    고려해서    단속을     하라는     민주당    조응천   의원.,18.10.22,5명
1507,정규직자리가 부족하면 비정규직과 시간제라도 만들어 주세요.,18.10.22,4명
1508,학예연구사 시간선택제 채용 중지,18.10.22,2명
1509,단말기 자급제..,18.10.22,6명
1510,민노총 교통공사 처벌 해라,18.10.22,9명
1511,의무휴업 농협도 월2회 시행하라,18.10.22,4명
1512,■이제야 비밀이 드러나는군요 고용세습세력들이 청년들의 일자리를 백만개이상 약탈했군요 아깝게 탈락한 백만명의 청년들이 너무고통스러워합니다 문대통령  일자리공약은 몇달도되지않아 이제는 거론조차 않는군요 정치란 다그런 겁니다  이제 백만명의 청년들이 직접 정당한 권리를 주장하고  행동해야합니다 1번째는 고용세습세력 친인척채용비리를 전부조사하도록 특별법을 만들도록 요구해야합니다 적어도 지금은 채용해고비리가 살인죄 다음가는 사악한 범죄입니다 수많은 사람들의 인생전부를 약탈한것이라는걸 명심해야합니다,18.10.22,22명
1513,"법인회사의 부당해고와 임금상당액, 중간수입공제",18.10.22,0명
1514,"가짜    일자리    무한양산,    진짜    일자리    끼리끼리!",18.10.22,4명
1515,한국전력공사 하반기 공채(10/27) 시험장 확대하여 응시 기회를 주세요,18.10.22,1명
1516,양로시설에도 사무원이 필요합니다,18.10.22,0명
1517,문대통님께 보낸 글입니다 꼭 봐주셔야만 할듯하네요,18.10.22,2명
1518,최저임금 저하,18.10.22,4명
1519,비노조원 일할자리가 없다,18.10.22,8명
1520,조기재취업수당  받아야 하는데  방법이 없을까요?,18.10.22,1명
1521,소상공인 입니다.,18.10.22,3명
1522,기업은행 경비.시설직군 근로자 공식성명,18.10.22,5명
1523,카카오  영업 앱을  반대합니다,18.10.22,4명
1524,서울교통공사나 가스공사 등 국가공기업들에 만연되어 있는 불공정 채용에 대해 국정감사나 검찰수사를 청원합니다.,18.10.22,7명
1525,비정규직 정규직으로 전환해주시던지 비정규직을 없애주세요,18.10.22,12명
1526,시간선택제임기제공무원,18.10.22,3명
1527,"만국의   노동자와  단결해야   할    대한민국!   세계각국의    노동자와   난민과    불체자와    함께해야   할    대한민국!    ""제발    역차별    만은    말아    주십시오!""",18.10.22,5명
1528,내가 본 채용비리,18.10.22,12명
1529,4년 단기복무 부사관 취업제도,18.10.22,2명
1530,공기업 채용비리,18.10.22,4명
1531,서울교통공사 친인척입사비리 철저히밝혀서 국민의 일자리를 국민에게 돌려주세요,18.10.22,24명
1532,은행 대출금리 좀 낮춰 주세요,18.10.22,6명
1533,정부 단기 일자리 비판에 대한 생각,18.10.22,0명
1534,공기업 비정규직 고용 비리 전수 조사 하라,18.10.22,21명
1535,불법체류자    단속    인원을    증원하라!  불체자   35만에   256명!    장난하냐!,18.10.22,17명
1536,비정규직도 시험으로 당당하게 정규직으로 해주세요,18.10.22,3명
1537,어려운   국민의   일자리가   외국인에게   빼앗겨도    관심조차    없는    인권정부,18.10.22,9명
1538,형사범죄를 저리른 공무원의 실명 공개,18.10.22,11명
1539,카카오 카풀 반대,18.10.22,109명
1540,지하철공사의 또다른 비리 의혹,18.10.22,11명
1541,현대기아차 비정규직 정규직화 전환,18.10.22,2명
1542,주4일제를 원합니다,18.10.22,2명
1543,공기업 공기업산하 기관들 채용비리 전수 조사 해주세요,18.10.22,25명
1544,교통공사 무기계약직의 정규직 전환 얘기는 2012년부터 시작되었다.,18.10.22,9명
1545,"경제침체, 물가인상, 부동산폭등, 실업으로 고통받는 대한민국은 어쩌라고 그러십니까?",18.10.22,13명
1546,최근 고용쇼크를 이해하기,18.10.22,2명
1547,불법지시를 일삼는 기업은행 정규직전환의 민낯,18.10.22,6명
1548,정부는   자국민이    죽어가도    외국인을    적극    감싸는     이유가    무엇입니까?,18.10.22,9명
1549,"백화점, 면세점 등 판매사원들의 노동시간당  1시간당 10분 휴식을 법제화 해주세요",18.10.22,7명
1550,일자리    대통령님!    외국인의    일자리    대통령님!,18.10.22,9명
1551,사립중고등학교 채용 비리를 조사해 주십시오.,18.10.22,5명
1552,로또 복권 판매 권한,18.10.22,3명
1553,대통령은   일자리등    민생경제에    집중하라!,18.10.22,20명
1554,일자리안정지원금,18.10.22,1명
1555,주52시간 근로시간준수 강제법률 폐지 청원합니다.,18.10.22,17명
1556,서울교통공사,18.10.22,27명
1557,서울교통공사,18.10.22,5명
1558,대통령님 봐주십시요.,18.10.22,6명
1559,서울교통공사를 폭파해체하라 !,18.10.22,11명
1560,최저임금 올린다고 잘산다고 생각하냐???,18.10.22,11명
1561,고용세습의 원조,18.10.22,10명
1562,차량탁송기사와 대리기사들의 처우를 개선해주세요,18.10.22,7명
1563,"정부의  '외국인   정책',  '다문화   정책',    자국민     말살     및    노예화     정책입니다.    ""힘을    모아    지금     저지해야     합니다!""     나중에     후회합니다!",18.10.22,17명
1564,콜센터 교육비 지급 관련해서 근거법령 제안합니다.,18.10.22,3명
1565,임금체불 로젠택배 고객센터 영업정지 청원합니다.,18.10.22,4명
1566,카카오 T 카풀 앱 -일자리 빼앗아 가십니까 ?,18.10.22,39명
1567,강서구 pc방 살인사건,18.10.22,11명
1568,"""대한민국에서 작업치료사를 없애주세요!""",18.10.22,"3,285명"
1569,GM 법인 분리를 꼭 막아야 합니다,18.10.22,63명
1570,직장내 왕따 시키는 상사 강력처벌 법조항 만들어라,18.10.22,4명
1571,불법체류자 단속 강화,18.10.21,24명
1572,'여성가족부' 이름을 '댕댕이부' 로 바꿔주세요..,18.10.21,6명
1573,정규직 전환 시 공정하게 선발하라.,18.10.21,8명
1574,아울렛영업시간단축요청,18.10.21,5명
1575,아울렛영업시간단축요청,18.10.21,4명
1576,난민   불인정에    대한    소송비를    국민세금으로    지원하지   마시오.,18.10.21,18명
1577,장애인에게도풍부한 일자리좀 주십시요,18.10.21,12명
1578,정치경제,18.10.21,0명
1579,정부는   돈벌러   온    외국인에게   일자리를    뺏겨    생존권을    위해    몸부림   치는    국민의   처절한    목소리를    외면하는   이유를    말하라.,18.10.21,19명
1580,송ㄷㅅ 처벌부탁드립니다,18.10.21,2명
1581,마트에서 계산해주시는 분들에게 의지에서 앉아 일하게 해주세요,18.10.21,11명
1582,대통령께 간곡히 호소합니다 일자리 심각한 문제입니다합법 불법 체류자포함 350만명 내국인은 외국인력에 밀려 들어갈자리가없어 매우심각합니다,18.10.21,18명
1583,50이하 중장년ㆍ젊은층에 소위 3D직업 취업시 지원요!,18.10.21,3명
1584,지방공기업 시설관리공단 인사비리 여전~,18.10.21,2명
1585,비정규직의 정규직 전환 문제점,18.10.21,4명
1586,불법체류자 난민 다추방 하세요,18.10.21,18명
1587,카풀반대,18.10.21,46명
1588,장애인의 일자리를 늘려주세요,18.10.21,12명
1589,제주 삼다수 현장 사망사고에 대해서  자세히 알고 싶어요.,18.10.21,169명
1590,대통령님!    웃는    얼굴    보기도     싫습니다.    하야하여     주십시오!,18.10.21,22명
1591,용역계약직보호좀해주세요!,18.10.21,5명
1592,노동계의 귀족들이 노동계 서민들의 일자리를 빨아먹는다,18.10.21,21명
1593,시급제 근로자를 위해 주52시간근로 제고해 주세요,18.10.21,6명
1594,중장년층 일자리 장애인 일자리도 만들어 주세요,18.10.21,4명
1595,거지로살고싶지 않고 일자리  구하고싶어요,18.10.21,4명
1596,낙하산이   공기업     문제점의    시작입니다.   특전사   대통령님    낙하산   투하   좀    그만하세요!,18.10.21,8명
1597,5명이상 고용 창업자는 신용등급 3등급 상향 요청,18.10.21,2명
1598,"영세업체    47%,   감원   해고계획.   밀려오는    외국인에,   우리   서민들은    어찌살꺼나!",18.10.21,9명
1599,"공기업 친족간 고용세습, 관련자 엄벌해주세요 !!",18.10.21,37명
1600,탈원전 정책에 대한 의문점이 있습니다.,18.10.21,9명
1601,법인설립시 자본금보유 제도 없에주세요,18.10.21,1명
1602,●친인척채용비리 국가차원전수조사 법률제정 청원 합니다 다른사람일자리와인생약탈 최고의 사악한 범죄 적어도 지금은 그런시대입니다 공기업 대기업 은행 아깝게 탈락한 차점탈락자 들은 본인의 정당한 권리로 정보공개를 요구해야합니다 현정부를 믿은게 뼈아픈 실수라는 탄식이 온천하에 메아리치기 전에 정부는 국가차원 전수조사 재발방지 대책을 만들라,18.10.21,14명
1603,누구를 위한 주 52시간입니까??,18.10.21,30명
1604,"한국지엠 불법 주총에 대해서  검찰청,경찰청의 엄정한 수사를 촉구합니다.",18.10.21,14명
1605,카카오 카풀 합법화 하는 제도적 장치 마련을 촉구합니다.,18.10.21,9명
1606,"중국,외노자,인력수입 중단을 촉구합니다.",18.10.21,28명
1607,실업급여는 한번이상 못타먹게 해주세요,18.10.21,9명
1608,실업급여 무한리필 경남 함양군 산불감시원,18.10.21,17명
1609,"불법외국인노동자또는조선족교포들을추방시켜주세요 그리고 용역업을 불법으로 만들어주세요 그런 불법외노자,조선족교포들은 잠재적범죄자들입니다",18.10.21,36명
1610,불법외국인노동자또는조선족교포들을추방시켜주세요 그리고 용역업을 불법으로 만들어주세요,18.10.21,36명
1611,TBS 김어준의 뉴스공장 출연료 1회 100만원? 최고의 진행자에 맞는 대우를 해주세요,18.10.21,3명
1612,나라가 망하고 있다. 겉과 속이 다른 노조 해체하거라,18.10.21,6명
1613,"간호사를 위해 , 보다 나은 간호를 하기 위해,  간호사 업무환경개선과 그들의 업무강도에 맞는 연봉을 주세요.",18.10.21,77명
1614,포괄임금제 없애주세요.중소기업도 추가수당을 주거나 근무시간 지키게해주세요.,18.10.21,14명
1615,최악 경우 핵문제는 남북당사자가 해결해야!!!,18.10.20,0명
1616,우리택시 전주협동조합의 부당한 행태를 바로잡아 주십시요.절박합니다.,18.10.20,157명
1617,정규직 100%전환하겠다던 농협을 고발합니다.,18.10.20,9명
1618,소액체당금 기간을늘려주세요,18.10.20,2명
1619,"민주노총을 뒤에서 조종해서 일자리 빼앗아 가는 박원순시장,국회의원들 조사 처벌해 주세요",18.10.20,19명
1620,국정감사를 보았습니다.(무기계약직),18.10.20,7명
1621,문재인 대통령님께,18.10.20,3명
1622,공기업 채용비리 수사하라,18.10.20,28명
1623,일자리가 턱없이 부족합니다,18.10.20,4명
1624,비정규직의 슬픔,18.10.20,12명
1625,공무원수를 늘려주세요.,18.10.20,6명
1626,용역계약직보호좀해주세요!,18.10.20,1명
1627,촞불의 명령이다. 소득주도정책 폐지하라!,18.10.20,11명
1628,대통령님!! 좀 부탁합니다,18.10.20,3명
1629,노동법 관련,18.10.20,0명
1630,청년일자리 산불감시원으로 늘려라,18.10.20,1명
1631,카플을 반대하는 학생입니다. 여러분의 동의가 필요합니다!,18.10.20,113명
1632,카풀을 절대 반대합니다. 모두 동의합니다 눌러주세요!,18.10.20,37명
1633,고용세습,18.10.20,14명
1634,"주당 근로시간 52시간, 특례업종 없애주세요..",18.10.20,3명
1635,대통령께 올리는 실업자 등가에 따른 대채그 건의,18.10.20,3명
1636,택시요금인상 관하여,18.10.20,4명
1637,성매매 여성 2천만원 지원,18.10.20,22명
1638,블라인드채용이  힘없는자들을 또 죽입니다.,18.10.20,3명
1639,사학연금빌딩 비정규직에서 정규직전환꼼수로 미리 건물매각후 계약종료로 정규직전환 안하는것,18.10.20,4명
1640,사법고시 제도 부활시켜주세요,18.10.20,11명
1641,중소기업 연차는 공휴일로 대체 가능한게 말이 되나요,18.10.20,9명
1642,국가  기술 자격증 취득 횟수,18.10.20,3명
1643,운송비 관련,18.10.20,0명
1644,일자리팔아먹는 용역업체를 없애주세요,18.10.20,8명
1645,사업주편인 알바몬 영업정지 및 폐업 청원합니다.,18.10.20,3명
1646,인천장애인공단청년성공패키지피해자,18.10.20,2명
1647,"왜! 경단녀만? 경력단절남성을 위한 취업가점제도(공무원, 공공기관 등)를 도입하지 않나요?",18.10.20,24명
1648,52시간근무제,18.10.20,1명
1649,안녕하세요,18.10.20,4명
1650,비정규직의 정규직화는 특정단체의 유리한 작용으로 변화,18.10.20,5명
1651,감정노동자에대한 처우대책이 필요합니다.,18.10.20,9명
1652,"음성군 보건소는 공공부문 비정규직 정규직 전환, 가이드 라인대로 이행해라",18.10.20,42명
